SAMPLE_ID,TCGA-3N-A9WB-06,TCGA-3N-A9WC-06,TCGA-3N-A9WD-06,TCGA-BF-AAP0-06,TCGA-D3-A1Q1-06,TCGA-D3-A1Q3-06,TCGA-D3-A1Q4-06,TCGA-D3-A1Q5-06,TCGA-D3-A1Q6-06,TCGA-D3-A1Q7-06,TCGA-D3-A1Q8-06,TCGA-D3-A1Q9-06,TCGA-D3-A1QA-06,TCGA-D3-A1QB-06,TCGA-D3-A2J6-06,TCGA-D3-A2J7-06,TCGA-D3-A2J8-06,TCGA-D3-A2J9-06,TCGA-D3-A2JA-06,TCGA-D3-A2JB-06,TCGA-D3-A2JC-06,TCGA-D3-A2JD-06,TCGA-D3-A2JE-06,TCGA-D3-A2JF-06,TCGA-D3-A2JG-06,TCGA-D3-A2JH-06,TCGA-D3-A2JK-06,TCGA-D3-A2JL-06,TCGA-D3-A2JN-06,TCGA-D3-A2JO-06,TCGA-D3-A2JP-06,TCGA-D3-A3BZ-06,TCGA-D3-A3C1-06,TCGA-D3-A3C3-06,TCGA-D3-A3C6-06,TCGA-D3-A3C7-06,TCGA-D3-A3C8-06,TCGA-D3-A3CB-06,TCGA-D3-A3CC-06,TCGA-D3-A3CE-06,TCGA-D3-A3CF-06,TCGA-D3-A3ML-06,TCGA-D3-A3MO-06,TCGA-D3-A3MR-06,TCGA-D3-A3MU-06,TCGA-D3-A3MV-06,TCGA-D3-A51E-06,TCGA-D3-A51F-06,TCGA-D3-A51G-06,TCGA-D3-A51H-06,TCGA-D3-A51J-06,TCGA-D3-A51K-06,TCGA-D3-A51N-06,TCGA-D3-A51R-06,TCGA-D3-A51T-06,TCGA-D3-A5GL-06,TCGA-D3-A5GN-06,TCGA-D3-A5GO-06,TCGA-D3-A5GR-06,TCGA-D3-A5GS-06,TCGA-D3-A5GU-06,TCGA-D3-A8GB-06,TCGA-D3-A8GC-06,TCGA-D3-A8GD-06,TCGA-D3-A8GE-06,TCGA-D3-A8GI-06,TCGA-D3-A8GJ-06,TCGA-D3-A8GK-06,TCGA-D3-A8GL-06,TCGA-D3-A8GM-06,TCGA-D3-A8GN-06,TCGA-D3-A8GO-06,TCGA-D3-A8GP-06,TCGA-D3-A8GQ-06,TCGA-D3-A8GR-06,TCGA-D3-A8GS-06,TCGA-D3-A8GV-06,TCGA-D9-A148-06,TCGA-D9-A149-06,TCGA-D9-A1JW-06,TCGA-D9-A1JX-06,TCGA-D9-A1X3-06,TCGA-D9-A3Z1-06,TCGA-D9-A3Z3-06,TCGA-D9-A4Z6-06,TCGA-D9-A6E9-06,TCGA-D9-A6EA-06,TCGA-D9-A6EC-06,TCGA-D9-A6EG-06,TCGA-DA-A1HV-06,TCGA-DA-A1HW-06,TCGA-DA-A1HY-06,TCGA-DA-A1I0-06,TCGA-DA-A1I1-06,TCGA-DA-A1I2-06,TCGA-DA-A1I4-06,TCGA-DA-A1I5-06,TCGA-DA-A1I7-06,TCGA-DA-A1I8-06,TCGA-DA-A1IA-06,TCGA-DA-A1IB-06,TCGA-DA-A1IC-06,TCGA-DA-A3F3-06,TCGA-DA-A3F5-06,TCGA-DA-A3F8-06,TCGA-DA-A95V-06,TCGA-DA-A95W-06,TCGA-DA-A95X-06,TCGA-DA-A95Y-06,TCGA-DA-A95Z-06,TCGA-EB-A44Q-06,TCGA-EB-A44R-06,TCGA-EB-A5KH-06,TCGA-EB-A5SG-06,TCGA-EB-A5SH-06,TCGA-EB-A5UL-06,TCGA-EB-A5UN-06,TCGA-EB-A6L9-06,TCGA-EE-A17X-06,TCGA-EE-A17Y-06,TCGA-EE-A17Z-06,TCGA-EE-A180-06,TCGA-EE-A181-06,TCGA-EE-A182-06,TCGA-EE-A183-06,TCGA-EE-A184-06,TCGA-EE-A185-06,TCGA-EE-A20B-06,TCGA-EE-A20C-06,TCGA-EE-A20F-06,TCGA-EE-A20H-06,TCGA-EE-A20I-06,TCGA-EE-A29A-06,TCGA-EE-A29B-06,TCGA-EE-A29C-06,TCGA-EE-A29D-06,TCGA-EE-A29E-06,TCGA-EE-A29G-06,TCGA-EE-A29H-06,TCGA-EE-A29L-06,TCGA-EE-A29M-06,TCGA-EE-A29N-06,TCGA-EE-A29P-06,TCGA-EE-A29Q-06,TCGA-EE-A29R-06,TCGA-EE-A29S-06,TCGA-EE-A29T-06,TCGA-EE-A29V-06,TCGA-EE-A29W-06,TCGA-EE-A29X-06,TCGA-EE-A2A0-06,TCGA-EE-A2A1-06,TCGA-EE-A2A2-06,TCGA-EE-A2A5-06,TCGA-EE-A2A6-06,TCGA-EE-A2GB-06,TCGA-EE-A2GC-06,TCGA-EE-A2GD-06,TCGA-EE-A2GE-06,TCGA-EE-A2GH-06,TCGA-EE-A2GI-06,TCGA-EE-A2GJ-06,TCGA-EE-A2GK-06,TCGA-EE-A2GL-06,TCGA-EE-A2GM-06,TCGA-EE-A2GN-06,TCGA-EE-A2GO-06,TCGA-EE-A2GP-06,TCGA-EE-A2GR-06,TCGA-EE-A2GS-06,TCGA-EE-A2GT-06,TCGA-EE-A2GU-06,TCGA-EE-A2M5-06,TCGA-EE-A2M6-06,TCGA-EE-A2M7-06,TCGA-EE-A2M8-06,TCGA-EE-A2MC-06,TCGA-EE-A2MD-06,TCGA-EE-A2ME-06,TCGA-EE-A2MF-06,TCGA-EE-A2MG-06,TCGA-EE-A2MH-06,TCGA-EE-A2MI-06,TCGA-EE-A2MJ-06,TCGA-EE-A2MK-06,TCGA-EE-A2ML-06,TCGA-EE-A2MM-06,TCGA-EE-A2MN-06,TCGA-EE-A2MP-06,TCGA-EE-A2MQ-06,TCGA-EE-A2MR-06,TCGA-EE-A2MS-06,TCGA-EE-A2MT-06,TCGA-EE-A2MU-06,TCGA-EE-A3AA-06,TCGA-EE-A3AB-06,TCGA-EE-A3AC-06,TCGA-EE-A3AD-06,TCGA-EE-A3AE-06,TCGA-EE-A3AF-06,TCGA-EE-A3AG-06,TCGA-EE-A3AH-06,TCGA-EE-A3J3-06,TCGA-EE-A3J4-06,TCGA-EE-A3J5-06,TCGA-EE-A3J7-06,TCGA-EE-A3J8-06,TCGA-EE-A3JA-06,TCGA-EE-A3JB-06,TCGA-EE-A3JD-06,TCGA-EE-A3JE-06,TCGA-EE-A3JH-06,TCGA-EE-A3JI-06,TCGA-ER-A193-06,TCGA-ER-A195-06,TCGA-ER-A197-06,TCGA-ER-A198-06,TCGA-ER-A199-06,TCGA-ER-A19A-06,TCGA-ER-A19B-06,TCGA-ER-A19C-06,TCGA-ER-A19D-06,TCGA-ER-A19E-06,TCGA-ER-A19F-06,TCGA-ER-A19G-06,TCGA-ER-A19H-06,TCGA-ER-A19J-06,TCGA-ER-A19L-06,TCGA-ER-A19M-06,TCGA-ER-A19N-06,TCGA-ER-A19O-06,TCGA-ER-A19P-06,TCGA-ER-A19Q-06,TCGA-ER-A19S-06,TCGA-ER-A19T-06,TCGA-ER-A19W-06,TCGA-ER-A1A1-06,TCGA-ER-A2NC-06,TCGA-ER-A2ND-06,TCGA-ER-A2NE-06,TCGA-ER-A2NF-06,TCGA-ER-A2NG-06,TCGA-ER-A2NH-06,TCGA-ER-A3ES-06,TCGA-ER-A3ET-06,TCGA-ER-A3EV-06,TCGA-ER-A3PL-06,TCGA-ER-A42K-06,TCGA-ER-A42L-06,TCGA-FR-A3YN-06,TCGA-FR-A3YO-06,TCGA-FR-A44A-06,TCGA-FR-A69P-06,TCGA-FR-A729-06,TCGA-FR-A7U8-06,TCGA-FR-A7U9-06,TCGA-FR-A7UA-06,TCGA-FR-A8YC-06,TCGA-FR-A8YD-06,TCGA-FR-A8YE-06,TCGA-FS-A1YW-06,TCGA-FS-A1YX-06,TCGA-FS-A1YY-06,TCGA-FS-A1Z0-06,TCGA-FS-A1Z3-06,TCGA-FS-A1Z4-06,TCGA-FS-A1Z7-06,TCGA-FS-A1ZA-06,TCGA-FS-A1ZB-06,TCGA-FS-A1ZC-06,TCGA-FS-A1ZD-06,TCGA-FS-A1ZE-06,TCGA-FS-A1ZF-06,TCGA-FS-A1ZG-06,TCGA-FS-A1ZH-06,TCGA-FS-A1ZJ-06,TCGA-FS-A1ZK-06,TCGA-FS-A1ZM-06,TCGA-FS-A1ZP-06,TCGA-FS-A1ZQ-06,TCGA-FS-A1ZR-06,TCGA-FS-A1ZS-06,TCGA-FS-A1ZT-06,TCGA-FS-A1ZU-06,TCGA-FS-A1ZW-06,TCGA-FS-A1ZY-06,TCGA-FS-A1ZZ-06,TCGA-FS-A4F0-06,TCGA-FS-A4F4-06,TCGA-FS-A4F5-06,TCGA-FS-A4F8-06,TCGA-FS-A4F9-06,TCGA-FS-A4FB-06,TCGA-FS-A4FC-06,TCGA-FS-A4FD-06,TCGA-FW-A3I3-06,TCGA-FW-A3R5-06,TCGA-FW-A3TU-06,TCGA-FW-A3TV-06,TCGA-FW-A5DY-06,TCGA-GF-A3OT-06,TCGA-GF-A4EO-06,TCGA-GF-A6C8-06,TCGA-GF-A6C9-06,TCGA-GN-A262-06,TCGA-GN-A264-06,TCGA-GN-A265-06,TCGA-GN-A266-06,TCGA-GN-A267-06,TCGA-GN-A268-06,TCGA-GN-A26A-06,TCGA-GN-A26D-06,TCGA-GN-A4U3-06,TCGA-GN-A4U4-06,TCGA-GN-A4U7-06,TCGA-GN-A4U8-06,TCGA-GN-A4U9-06,TCGA-GN-A8LK-06,TCGA-GN-A8LL-06,TCGA-GN-A9SD-06,TCGA-HR-A2OG-06,TCGA-HR-A2OH-06,TCGA-LH-A9QB-06,TCGA-OD-A75X-06,TCGA-QB-A6FS-06,TCGA-QB-AA9O-06,TCGA-RP-A690-06,TCGA-RP-A693-06,TCGA-RP-A694-06,TCGA-RP-A695-06,TCGA-RP-A6K9-06,TCGA-W3-A824-06,TCGA-W3-A825-06,TCGA-W3-A828-06,TCGA-W3-AA1O-06,TCGA-W3-AA1Q-06,TCGA-W3-AA1R-06,TCGA-W3-AA1V-06,TCGA-W3-AA1W-06,TCGA-W3-AA21-06,TCGA-WE-A8JZ-06,TCGA-WE-A8K1-06,TCGA-WE-A8K5-06,TCGA-WE-A8K6-06,TCGA-WE-A8ZM-06,TCGA-WE-A8ZN-06,TCGA-WE-A8ZO-06,TCGA-WE-A8ZQ-06,TCGA-WE-A8ZT-06,TCGA-WE-A8ZX-06,TCGA-WE-A8ZY-06,TCGA-WE-AA9Y-06,TCGA-WE-AAA0-06,TCGA-WE-AAA3-06,TCGA-WE-AAA4-06,TCGA-YD-A89C-06,TCGA-YD-A9TA-06,TCGA-YD-A9TB-06,TCGA-YG-AA3O-06,TCGA-YG-AA3P-06,TCGA-Z2-A8RT-06,TCGA-Z2-AA3S-06,TCGA-Z2-AA3V-06
SERPINE1,-1.1691,0.2496,-0.0082,0.2304,-0.7842,-0.1619,1.2718,0.4519,2.0737,1.0282,1.0973,-0.1569,-0.5819,-0.7327,-0.7348,-0.6003,3.5386,1.0138,1.7351,-0.2925,0.4596,0.09,-0.2371,-0.983,1.0884,0.5655,0.1591,-1.163,0.3703,0.2478,0.9393,2.2631,0.9947,1.3941,0.3117,2.3712,0.4736,0.4562,-1.0961,-0.1357,0.0492,-1.5897,1.1926,0.8179,0.6088,1.0248,0.2223,1.0962,0.7744,0.4456,-0.1417,-1.5484,1.1974,-0.3032,1.2096,-0.4347,0.9349,0.7347,0.9533,-0.6028,-0.5035,1.1777,0.1016,0.0306,1.1441,1.4945,0.6896,-0.4867,-1.152,-0.2536,1.0159,0.7361,-0.2164,0.4044,-1.4503,-0.0851,-0.3402,-1.0707,0.0193,-0.9057,-0.2364,-1.076,-0.8214,0.0759,0.368,0.2805,-1.9046,-0.6512,-1.166,-0.6315,-0.6168,1.0886,1.5429,0.7397,-0.9524,0.453,0.0986,0.1381,2.3665,-1.2392,0.5552,-0.6243,-1.5367,2.0065,0.2973,-0.9447,-1.9865,0.1572,-0.9772,-0.4155,-0.8854,-1.392,0.2084,0.8811,-1.912,-0.3732,0.4736,-0.7706,-0.1517,0.7732,-1.3259,-1.5862,-0.9971,-0.2046,0.7754,-0.6356,-0.517,1.2576,-0.3602,0.0438,-0.796,-0.6369,1.339,-2.9874,-0.4387,-1.4229,-1.1016,-1.3805,-0.9962,-0.6293,-1.2342,0.7666,0.0747,-0.7116,0.5967,-0.349,0.724,-0.5205,1.0647,0.88,-0.2922,-0.982,0.0972,-0.3692,-0.0608,-0.8867,1.0819,0.3975,1.353,0.1278,-0.1322,-1.1502,0.5613,0.3032,-1.2058,-0.2416,1.9472,0.7836,-0.2969,-0.6303,0.1581,-2.282,3.2673,0.5878,-1.2059,-0.3151,4.3526,-0.302,0.7621,-1.0904,0.3715,-0.0693,0.4121,-0.0494,-0.0643,-0.4008,-0.1359,0.1084,-0.4868,0.1082,1.3267,-0.1541,-0.231,-1.3239,0.0281,1.1061,-0.6114,-0.7625,-1.7664,0.0351,0.9095,-0.047,0.0471,-0.5156,-0.726,-1.782,0.2481,-1.1912,2.0491,0.5003,0.9582,0.2622,0.082,0.8652,0.4484,1.2865,-1.2198,1.0463,0.8593,-0.4991,-0.0712,-0.0044,0.5633,-1.0256,0.8066,-1.2713,1.1291,-0.6969,0.5043,0.3961,1.5961,-0.964,0.7939,0.5896,1.1394,-0.1689,0.3171,0.0536,0.3265,0.5541,-2.4682,0.9162,0.9153,-1.4435,0.6435,0.0235,0.7947,-0.5699,0.0687,-0.5995,1.4876,0.515,1.0818,-0.1444,-0.1419,1.9123,1.3332,0.4015,-0.4407,1.1035,-1.0322,0.4748,-0.038,-1.3155,-1.3991,0.4607,0.725,0.3474,0.9371,0.4757,0.3216,-1.043,-0.6125,-1.8125,1.2449,-0.6793,-0.6839,0.8763,-0.751,-0.3155,-0.2076,3.5009,0.0639,-0.6153,0.1061,-1.5277,-0.4497,-1.9063,0.3026,0.1799,1.4085,-0.1059,-0.9995,-0.4269,-0.7527,0.6531,1.3753,-0.7594,0.1339,-0.2777,4.374,1.0276,-0.4984,1.8638,-1.8572,0.0129,1.8355,1.6701,-0.9508,-0.626,1.637,-0.0958,2.1527,-1.1355,-0.3669,-0.5655,-0.5299,-0.8754,-1.2117,0.9969,2.3263,0.5849,1.1437,0.4394,-0.0694,-0.4842,0.1957,0.0486,0.4797,-1.4749,-0.3396,-0.5484,0.9995,0.6683,-0.4157,-0.4055,0.0306,2.7414,0.3217,-0.9658,0.0616,-1.0028,-0.5077,0.2042,0.0025,-0.444,-0.4107,0.6352,-1.9825,0.6838,-0.9374,-0.0903,-0.5291,-0.3962,0.1067,0.0661,0.6581,0.4732,-1.1212,-1.0074,-1.2771,-1.7944,-0.3564
SERPINE2,-0.4512,0.4044,0.7106,0.3381,0.9037,-1.0559,1.1892,0.3033,2.048,-1.7901,0.9907,-0.6527,0.1062,-1.4332,-0.7714,0.366,-1.8444,-0.009,1.6831,-0.0737,1.1056,-0.4584,-0.7092,1.4779,0.217,-0.5499,-0.4416,-0.0421,0.6757,-0.5477,1.0098,-1.2961,1.7812,1.2129,0.2182,1.7977,-0.188,0.3556,0.0389,0.7978,-0.2364,1.4104,0.6332,0.1452,0.8138,1.5622,0.1794,0.8261,0.3346,-0.4112,0.1224,-2.3926,1.5947,-2.0519,0.2189,-0.5625,0.8685,2.1809,1.5764,0.3496,-0.1216,-0.4096,0.9812,0.127,-0.9561,-0.9752,0.1698,0.198,-0.1545,-1.5662,0.431,0.7352,-0.138,-0.2248,-0.0286,1.0243,1.0851,0.1815,-0.1717,-0.7546,-0.0488,-0.7174,-0.5165,-0.187,-1.0254,-1.0501,-0.3371,0.6656,-0.5279,0.2038,0.8362,1.7403,-1.8205,0.7546,1.0245,0.7727,0.579,1.1103,1.7193,-0.7045,-0.5951,0.4749,0.74,0.8039,0.6382,-1.3087,-0.7192,1.3606,-0.5318,-0.1719,-0.326,-1.9562,-1.2953,0.1036,-1.5143,-0.7165,-0.0468,-0.6668,-0.0344,0.4276,-1.8792,-0.3987,-0.3406,-1.1477,-1.4701,-0.0304,-0.8595,0.8154,0.7801,0.0297,0.2301,-1.0402,1.7252,-0.1695,-1.0308,-0.5672,-0.7849,-0.1319,-0.3277,-1.2642,-0.1964,0.1707,-0.1343,1.416,1.1538,0.7782,1.5818,-0.9557,0.8593,1.4019,0.3865,0.1888,0.3674,0.6449,0.9197,-1.2001,-0.3517,1.1717,1.2678,0.4993,0.3198,0.66,-1.3341,0.4184,0.6924,-0.2203,1.499,0.4895,-0.0525,0.8116,-0.0252,-0.023,-2.1939,0.468,-0.0905,0.4043,-1.1486,-0.3738,-1.3397,0.7398,0.4334,1.1305,0.2173,-1.1196,1.1462,1.2684,-0.2334,-0.0084,0.3536,0.5025,-2.1571,0.1494,0.2879,-0.1056,-0.0604,1.3202,0.9588,0.4132,1.0227,-0.5139,1.3097,0.7708,1.3377,0.5417,0.4503,-0.127,0.782,0.5511,1.2268,-0.452,0.1692,-0.2296,0.7504,1.2837,-0.3637,-1.3812,-0.5157,1.9634,0.1868,0.6375,-0.8942,-0.2221,0.4237,0.3532,0.6085,0.4215,0.0355,0.9181,0.4663,1.5258,0.0381,-0.1347,0.7715,1.2472,0.476,-1.5367,-2.4522,-0.2937,-0.4481,-0.3067,-1.6279,-0.7139,0.823,-2.7785,0.1674,-1.5108,-0.1074,1.597,-0.0912,0.6466,-0.087,-0.0893,0.5896,0.4649,0.544,-3.8882,-1.2998,0.1225,-0.2745,1.2246,-0.305,0.4407,0.1023,0.2949,0.7983,0.1642,0.6299,0.7063,0.1356,1.1773,-0.4085,0.2361,-0.2841,-1.8203,0.6268,-1.5742,-0.5556,1.4512,0.498,-0.6293,0.5386,0.2649,-0.0352,0.372,0.3749,0.1113,0.2782,0.1015,-0.7508,1.1347,0.2018,-0.1277,0.2909,1.3898,-0.4672,-0.132,-1.3589,-0.9616,-0.4029,-0.4028,-4.5731,0.8089,0.4204,0.7688,0.4027,-1.3946,1.2682,-0.036,-0.0946,-0.2564,1.5378,-0.645,0.6016,0.7021,-0.4133,0.0987,-2.7327,-1.8775,-1.1982,0.5961,1.107,-0.6703,1.7343,0.7437,-0.789,0.1673,-0.4709,-0.517,-0.4751,-0.162,-1.1712,-0.0289,-0.0859,-2.2147,-1.3517,-0.3471,-0.3815,-4.1406,-0.628,-0.326,1.2319,-0.9734,0.1229,1.6397,0.4596,-0.6844,0.8541,0.1396,-0.219,0.2357,0.2704,-0.4311,0.6363,-0.8017,-1.1999,0.3581,-0.9512,0.3179,-0.6401,-2.0194,1.2536,-2.5194,-1.7544
CSTA,0.4698,0.0277,0.2944,0.8394,-1.5697,-0.2001,-0.5725,0.7492,-0.574,0.2633,-0.0578,-0.6201,0.5311,0.0123,-0.292,-0.1656,0.1569,0.5104,0.1508,-0.1326,-0.1925,-0.3101,-1.0732,0.0326,-0.6264,0.1738,0.271,0.4096,1.4712,0.3373,0.0891,0.4039,-0.1933,0.512,-0.2714,0.4019,1.4633,0.394,0.3901,-0.3859,0.4359,-1.7584,-0.4333,0.8071,-0.2959,-0.3434,-0.3947,0.926,-0.8371,1.1845,0.3799,-0.4661,1.2016,-0.9375,-0.3564,-0.9467,-0.3189,0.0272,0.6966,-0.3806,-0.4545,0.5697,-0.471,0.6633,-0.0904,-0.6638,0.4739,-1.6972,-1.7287,-0.3727,-0.1466,0.5307,-1.7544,-0.9278,-0.5218,0.2854,-0.8509,-0.4351,-0.3629,0.3478,-0.408,-1.7605,0.2845,0.288,-1.8963,0.143,-1.2533,1.1227,-1.2019,0.9731,-0.533,-0.2526,-0.27,-0.1182,-0.9649,0.5067,0.7622,-0.7083,0.7431,-0.9654,1.9856,0.6514,-0.9028,-0.1146,0.4741,-0.4784,-0.4955,1.8025,-1.3916,-0.4945,0.1411,-0.7838,-0.8942,0.562,-1.0899,-0.3814,-1.0883,0.3864,-1.0583,-1.0157,0.86,-1.3648,-0.2582,1.5042,-0.0384,-0.3946,0.6365,-0.1992,-1.0702,0.4064,0.4175,-0.5541,-1.2709,-0.4281,-0.5149,-1.5613,-1.3699,2.1859,0.3097,-0.1249,-0.4794,0.8669,0.3137,-0.5763,-0.7564,-0.5049,0.4222,0.2768,-0.9434,-0.1325,0.4499,0.4064,-0.2244,-1.1546,-0.2899,-0.81,-0.4591,-0.0977,0.3194,0.6971,-0.1704,0.0804,1.4012,0.3512,-1.0361,-1.0172,-0.9608,0.1038,-1.8768,-0.084,0.0613,-0.3617,0.4547,0.1414,-0.9797,0.5096,0.0509,-0.6426,0.7735,-0.6937,0.3291,-0.0135,0.2943,0.4581,0.1308,0.1244,-1.0193,-0.3268,-0.0038,-0.6581,0.2942,-0.625,-1.0805,0.4119,0.4796,1.1137,0.1733,0.4625,-0.4017,-0.249,-0.5225,-0.9702,-0.2375,-0.841,-0.0638,-1.2219,1.2982,0.0969,0.2617,0.7566,0.773,0.7009,-0.7076,-0.0501,0.3154,1.2121,-0.3424,0.0158,1.4211,0.8656,-0.2811,-0.0295,0.6995,-0.5979,0.1827,-0.839,0.6188,-1.4256,0.0989,1.186,0.4348,0.7,0.1365,0.0476,-0.2167,0.8607,0.821,0.4054,-0.2638,-0.2396,-0.83,0.742,0.9309,-2.6145,-0.0115,-0.644,-0.4796,-0.4842,0.4256,-0.5856,-0.1604,0.2461,-0.959,0.1608,-0.9934,0.4291,0.7832,-0.6918,-0.3783,0.3226,0.8844,-0.6954,-1.1103,-0.0384,-1.468,0.0988,0.2345,0.5852,1.2857,-1.2354,-0.7471,-0.986,-1.096,-1.7529,0.0736,-0.8905,-1.7201,0.9554,-0.204,-0.7381,-0.1489,-0.4775,-0.3202,-1.4579,0.0304,-1.5062,0.5586,-1.4434,-0.0297,-1.2365,0.3138,-1.2944,-0.7209,0.7525,-1.1925,2.3649,-0.027,-0.7393,-0.5549,0.4499,-0.3239,1.022,-0.4925,0.9193,-1.9214,-0.4565,0.8987,0.2497,-0.3228,-1.4732,0.6223,-0.9735,-0.9114,-1.098,-0.9548,0.3857,-0.3924,-2.0291,-1.8292,0.3736,0.1753,0.4754,-0.3082,0.1151,0.2404,0.181,-0.9452,-0.0953,-0.4152,-1.0818,-0.351,-0.045,0.1467,0.2936,-0.4857,-0.7527,-0.625,-0.1486,0.3609,-0.7356,-0.7452,0.1764,-0.4675,-0.354,-1.27,0.4207,-0.1641,-1.2877,-1.153,-0.0317,-0.7595,0.2647,-0.1143,-0.1561,0.6264,-0.9519,0.0485,-0.6854,-0.4185,-1.4653,-0.1448,-0.9466,-0.0725
CSTB,1.0513,-0.6805,-0.2993,1.19,-0.4944,0.8369,-1.1705,-1.9812,-0.857,0.2423,-1.4377,1.1181,0.1226,0.4478,2.0165,1.1928,0.437,-0.3855,-0.3,-0.6897,1.008,0.4788,-1.3819,-0.3646,0.4694,-0.6945,2.5947,1.708,-1.0868,-0.0687,0.4228,0.7706,-0.7506,0.5442,-0.4206,-0.2756,-0.1866,-0.3538,-0.0017,-1.0946,0.8328,-0.3229,-1.2865,0.6131,-0.1336,-0.6466,1.0707,0.0744,-2.2198,1.225,-0.8712,0.0738,1.0981,-2.4102,-0.3653,2.6833,-0.849,0.397,-0.8664,-0.4482,-0.6569,1.9544,0.7768,-0.3967,-0.6439,2.0445,0.1928,0.3306,0.2132,0.6986,-0.0934,0.1836,-2.1189,-1.7416,1.324,0.6321,1.0651,-0.7438,-0.5976,0.8407,0.3888,0.1499,1.5505,0.5704,-0.1567,1.4162,-0.1352,-0.024,0.9901,0.2841,-0.1535,-0.665,1.167,0.475,-0.8155,1.5331,0.9281,-0.6539,0.0543,1.5473,0.7253,-0.1923,-1.1324,-0.9259,0.0211,0.7504,-0.5513,-1.0333,1.6403,-1.1109,0.9495,-1.1498,0.4781,1.0221,-0.8893,0.7802,1.5629,1.1728,1.0203,-0.0537,-0.3734,0.1936,-0.0965,2.1936,1.7435,0.7194,2.6788,-1.4241,0.0787,0.8711,-0.7781,0.267,-1.037,0.7455,0.9058,0.4549,0.6418,1.1795,0.0248,0.229,0.6735,1.1059,-0.2935,0.2888,-0.5804,0.0864,-0.8332,0.8369,-2.201,0.6467,0.3399,0.1474,-0.0307,-1.0701,0.1978,0.2086,-1.6728,-0.0901,-0.6991,0.5761,-1.0058,-0.2056,-1.2565,-0.0522,-0.9068,-0.8718,-1.0808,-1.0181,0.1276,-0.4585,0.1462,-0.5543,0.4078,-0.1331,-1.7989,-0.5134,-0.4892,-0.0557,-1.0179,-0.9151,-0.494,0.2562,-1.3395,-0.3383,-0.7831,0.1569,-1.4745,-0.3435,-0.3699,0.5369,-1.6983,-1.3159,0.4672,0.4689,-0.1746,-0.728,0.0115,0.432,-0.9049,0.1501,-0.8283,-1.4272,-0.487,-0.9024,0.7953,-0.3338,-1.1283,-0.645,-1.2573,-0.9299,-0.423,0.9774,-0.8756,-0.1086,-0.6309,-0.4282,-0.1361,0.1413,-0.0847,0.9405,0.8974,-1.3414,-0.9102,0.3955,-0.063,-1.2122,-0.9777,0.0032,-0.4181,0.7085,1.6319,-0.9804,0.5723,-0.982,-0.4952,0.6041,-1.013,-1.4472,1.4965,0.4087,-0.0647,1.7961,-0.3135,-1.2838,-0.5724,-0.4032,-0.8723,-0.7655,-0.7625,0.7857,1.659,0.1707,-1.4945,-0.604,1.6635,-0.8499,0.239,-1.0469,0.0866,-0.5847,-1.3241,-0.2721,1.0909,-1.1217,-1.2468,-0.9877,-0.2953,-1.1975,1.1822,-1.3277,-1.7547,-0.9649,-0.2056,-0.6138,-1.7895,0.3076,0.1656,0.1485,-0.9117,-0.0568,-1.0622,-0.8873,-0.5282,-1.4328,-1.1565,0.448,-0.673,-0.5744,1.5238,0.5445,-1.494,0.4048,0.237,0.4782,-2.0574,0.6704,0.755,1.7696,1.1992,-1.1709,-0.461,-0.1088,-0.4551,0.7992,-0.1693,-0.2375,-0.5789,-0.7437,0.6652,-1.5226,-0.4022,0.0666,-0.4978,-0.9452,1.403,0.6825,-1.888,2.1479,1.9767,-0.5386,-0.7213,0.6173,-1.0707,-0.8215,1.4545,0.9438,-1.0259,-0.4458,-0.3792,0.4981,0.6311,-0.165,-0.9267,-1.1005,1.1695,-0.4527,-0.4583,-0.8486,0.9076,0.0258,0.0459,0.4212,-0.2065,-0.1125,-1.0056,1.8843,0.4851,-1.7701,-0.8523,0.9177,-0.9867,-0.054,0.6603,-0.5694,2.0721,-1.9912,-1.2366,0.1975,-0.4006,-2.4335,-0.6064,-2.0191,1.335
CST3,-1.3408,0.1999,1.0707,0.2655,0.0426,-0.5876,0.0423,0.9466,-1.2216,0.1132,0.3867,-0.3609,-1.5937,-0.0035,0.0832,0.7322,-0.0733,0.1813,1.6492,0.2479,-0.4028,0.935,-2.3528,1.9553,-0.287,0.0694,1.7971,0.7939,1.8862,-0.4088,1.6347,0.2957,1.498,-0.4653,0.0035,1.3245,1.4335,1.14,-0.3431,-0.2846,-0.3007,-1.128,-0.1339,0.085,0.3247,-0.3166,-0.4034,1.5516,0.0066,-0.2191,1.6469,0.5365,2.6459,-1.4345,-0.5948,-0.2125,-0.2502,1.0644,0.0144,0.5376,-0.37,0.9228,-1.2255,0.2707,0.1645,1.6163,0.804,-2.4065,-1.9542,-1.1329,-0.2997,3.2015,-0.7791,-1.8844,0.3744,0.1628,-0.283,-0.701,-0.6335,-0.4242,0.3752,-1.1998,-0.6722,0.4315,0.2224,1.3658,1.8048,0.4802,-1.129,0.0488,-0.1557,0.0261,1.5876,-0.2035,0.5995,0.2884,1.0137,0.2588,1.5813,0.1547,0.3599,-0.4848,-1.9197,0.179,0.8999,0.7283,0.0561,-0.6928,-0.7254,-0.1049,0.3651,0.2821,-0.7417,0.4748,-2.0568,-0.0234,-0.0608,-0.2552,-0.9428,0.1815,-1.2737,-0.0387,0.0621,1.7682,0.3449,-1.1219,-1.256,0.4796,-0.1401,0.0006,-0.2768,-0.167,0.0838,0.427,0.1653,-0.8748,-1.1878,-0.4185,-0.4115,-1.7914,-0.4246,-0.5525,0.8421,-0.6582,0.486,-0.6846,0.4407,0.1026,0.5189,0.378,-0.7122,0.6789,-1.6046,-0.4403,0.5395,-0.6976,0.0553,-0.4874,0.9261,0.9991,0.3426,-0.189,0.0995,-0.1669,0.0327,0.456,1.8539,-0.9265,-1.0068,0.1438,0.3203,0.1683,-1.5084,-1.5635,1.2466,1.0258,-0.3119,-0.8874,-0.0082,-0.685,-0.0967,0.8192,0.4935,-0.9482,0.7645,-0.5839,-1.0062,-0.2931,1.3456,0.2053,0.3756,-0.7918,-0.67,1.065,-0.1208,1.1911,-0.9785,-0.9091,0.315,-0.1176,-0.7957,0.043,-0.0002,-0.1078,-0.2603,-0.5802,-0.3448,-1.5772,-0.4394,-0.2401,0.7295,0.9179,-1.5976,-0.0284,-0.2991,0.4057,-0.7533,0.3502,1.0414,1.1019,-0.3142,-0.1874,-1.5359,-0.8812,-0.7427,-0.6322,-0.3285,0.167,-0.1957,0.0601,1.6872,0.9461,-0.3817,0.817,0.5809,0.1745,-0.7501,0.5623,1.7366,-0.9928,-0.1144,-0.3231,0.8753,-2.145,-1.4736,0.4795,-1.1883,1.75,0.5911,0.4941,0.9654,0.5753,-0.6035,1.252,-0.705,0.235,0.8656,-0.5039,0.0843,0.877,-1.2804,-0.4647,-0.4465,-0.9452,-0.9924,-0.9959,0.7266,-0.0676,0.863,-0.5429,-0.7456,-0.8794,0.0924,-0.115,0.2495,-0.2491,-0.8795,0.5638,-0.5838,0.1711,0.4317,-1.6086,-1.5818,-1.8488,-1.2941,-0.0959,0.374,-0.9535,0.3051,0.4463,-0.1419,-0.7767,-0.3805,0.0097,-1.7219,-0.449,-1.2317,2.2313,-0.4073,0.1187,-1.5052,1.0572,-0.3216,2.1034,0.4289,-0.9663,0.5733,0.435,-0.0803,-0.536,0.8794,-4.5628,-1.2118,-2.0312,-0.3018,0.53,-1.4877,0.5341,0.5852,0.2574,0.1434,0.5479,1.6078,-1.5764,0.5951,0.2213,-0.8748,-0.0653,-0.4339,0.0412,0.6273,0.0317,-0.1825,-0.2533,-0.8349,-0.1821,-0.2788,-0.1809,0.2769,1.7074,-1.7198,-0.4406,-0.5442,3.059,0.9721,1.1374,-0.3326,0.5729,0.2383,-0.1248,-0.8034,0.0186,0.2825,0.5818,2.018,-1.878,-2.3138,-0.5252,-1.3071,-1.6631,-0.0931,-1.6192,1.7798
TIMP1,-0.574,0.3717,0.2179,1.049,-0.9402,-0.4046,0.2935,1.7762,1.7588,-0.1755,1.0437,-0.0523,-1.0793,-1.0529,-0.8877,0.6575,0.3787,0.8342,1.3057,-0.4842,1.0618,0.8421,-0.7192,2.3699,-0.0557,-0.933,2.2083,0.2258,2.5366,0.3005,2.0668,1.1195,2.225,0.5226,-0.3147,3.1821,0.4614,0.6297,-1.1621,-0.5099,0.3009,-1.2555,2.0285,1.3804,0.4627,-0.3263,-1,1.7458,1.6689,0.6661,0.8145,-0.7221,1.8712,-1.3528,0.3831,-0.138,0.2774,0.9189,1.0917,0.4022,-0.5112,1.1567,-0.1545,0.2369,1.1669,1.2384,1.0888,-1.3362,-1.7391,-0.3864,0.1558,2.5182,-0.3444,-0.3417,-0.0424,0.641,0.1361,-1.243,-1.1512,-0.684,-0.7731,-1.0129,-1.6221,0.1676,-0.5096,-0.069,-0.1061,0.1378,-2.2046,0.4737,-0.4576,2.2551,2.0163,0.4277,-0.434,1.2244,1.2057,2.2171,1.718,0.0003,0.9629,-0.7366,-1.3655,1.5946,0.2461,-0.18,-0.777,-0.4047,0.068,-0.8027,-2.0369,-1.0369,-0.3108,1.0548,-1.5484,-0.3088,1.1234,0.1017,-0.4463,0.8828,-1.2396,-0.5886,-0.5802,0.7514,-0.0666,-1.228,-1.2175,-0.0832,1.4396,0.596,0.235,-1.436,0.468,-1.0502,-0.2211,-0.8503,-0.073,-0.2826,0.3255,-2.131,-1.1263,0.3586,-0.045,-0.4162,0.9131,0.4594,1.2384,-0.3997,-0.2819,0.9517,-0.6047,-0.9321,-1.0301,-0.7192,-0.1742,-1.7597,-0.667,0.7877,1.4061,1.3273,0.2147,-1.4441,-0.6387,-0.3915,-0.0846,-0.3003,1.6541,0.1315,-1.1965,-0.2623,-0.4263,-1.7877,1.2833,-0.7448,-0.0633,0.393,0.7406,-1.1774,-0.3896,-0.7221,0.3987,0.563,0.9823,-0.1058,0.6564,-0.2233,-1.1084,-0.7546,0.5599,0.7074,0.1986,-1.7401,-0.1295,-0.0875,0.2879,1.7112,-0.8721,-0.1466,-0.666,-0.0006,0.1861,-0.5511,0.356,-0.5199,-0.2394,-1.8273,-0.8943,-1.3471,0.4616,0.5559,0.3137,0.5922,-1.4021,-0.0542,-0.2959,0.6862,-0.9349,0.6184,0.1371,0.1085,0.4335,0.0002,-0.1083,-0.635,-0.1335,-1.474,-0.1582,0.4685,-0.4144,0.3062,1.8845,0.3055,-0.2459,0.3645,-0.1585,-0.6314,-0.3569,0.6348,1.3037,-0.6901,-2.9338,0.3015,1.3611,-2.3407,0.5889,-0.2288,-0.2493,1.8715,0.3488,0.5567,1.4586,0.2815,-0.9066,0.4786,-0.0552,1.2572,1.4217,-0.2608,-0.2081,0.3237,-1.3224,1.1347,-0.2515,-1.1082,-1.4222,0.2,0.1288,0.92,0.3452,-0.4094,-0.6743,-0.8591,-0.2584,-2.4937,1.9765,-1.0903,-1.3883,0.7904,-1.1168,0.2095,-0.1632,1.643,-1.2413,-1.3599,-0.6229,-0.8193,-1.0429,-0.3997,0.6027,-0.2134,0.2929,-1.2679,-0.1964,0.2753,-1.6179,-1.1287,-0.4758,0.646,0.0657,0.0636,0.2301,0.2533,0.5066,0.9573,0.0399,-1.4842,1.623,0.9864,-0.0455,-1.1545,1.9472,-0.0608,-0.2176,-1.8153,0.168,0.2217,-1.1145,-1.0798,-0.7643,0.7943,1.1816,0.3444,1.6859,-1.0003,0.4125,0.5718,-1.1616,-0.1305,-0.7553,-0.0638,-1.0055,-0.0488,0.5563,0.3352,-0.6868,0.4424,-0.7721,0.2673,0.0847,1.0865,-0.9195,-1.1356,-0.5591,2.9633,0.5186,1.0367,-0.2962,-0.2611,-0.6074,0.6082,-0.7991,0.3018,0.0631,-0.6752,1.6184,-1.2972,0.1173,-0.0583,-1.2219,-2.7028,-0.0836,-2.1938,0.755
TIMP2,1.2535,0.6646,-2.4008,-0.2821,-0.5556,1.6502,0.3136,-1.8047,-2.5277,-0.3976,-0.2982,-0.0183,1.0013,-0.1879,0.4778,0.8721,-0.9844,-1.3201,-0.687,-0.4317,0.6466,1.5814,-1.3528,0.6484,-0.415,-1.295,1.2452,0.024,-1.4035,-0.6694,-0.8403,0.2999,0.1042,-1.9246,-0.4059,-0.6239,-0.5976,-1.1254,0.9548,-0.9532,1.6155,0.3778,-0.653,-0.6289,0.9965,-0.6139,-0.3688,-0.9158,-1.8667,-1.1686,-0.4907,-0.3367,0.1831,-3.5412,-0.3175,0.6607,-0.8828,2.0081,-0.1572,1.4504,-0.5745,0.0022,-1.2686,-1.2736,0.6621,0.7152,-0.724,-0.0198,-0.2618,0.1403,0.5568,-1.0945,2.1139,-0.3751,0.0636,-1.8033,-0.6704,0.6521,0.4019,2.4995,-0.5565,0.9116,0.8959,0.9832,-1.0531,1.432,0.162,0.1697,0.2093,1.4962,-0.8168,0.7848,0.5144,1.2201,-1.0301,0.2402,-0.2102,0.1037,0.6081,1.7069,-1.306,0.58,1.1043,-0.8028,-0.4158,1.93,-1.4686,0.5856,1.6799,0.5484,0.1013,0.2206,1.6317,-1.3947,1.4607,-0.5455,0.844,-0.1538,1.4215,-0.8488,-0.9253,-0.6024,0.6394,1.6783,0.2467,1.9764,1.1382,-0.6411,1.1157,0.7106,-2.132,0.3967,1.0684,-0.2265,0.7786,0.9605,0.3764,-0.5989,0.8278,0.5783,-0.2635,1.5306,-0.7296,-0.8395,-0.1833,-0.3141,-1.1845,1.7817,-0.2839,-0.1956,0.5708,0.2553,-0.2453,-0.5517,0.696,0.7726,0.7889,0.9091,-0.292,-0.2609,-0.6662,0.9554,-2.383,-0.9235,-0.218,0.2197,0.8865,-0.4059,1.2519,-1.7489,0.1131,-0.9613,-2.4373,-1.1497,-0.176,-0.6227,-1.4035,0.3212,-1.2795,0.5101,-0.3299,0.0415,0.1796,-0.7625,0.0859,0.3672,1.1007,1.5145,-0.1271,-0.6923,0.2602,1.4979,0.899,0.3194,-0.8788,-0.945,1.6112,0.8411,0.9124,0.0782,-2.4554,-0.2715,0.2921,0.5647,1.7098,-1.0989,-2.1559,1.214,-1.1291,-1.9193,-0.165,-0.8664,-0.1641,-0.6876,-0.0047,-0.1551,0.2595,-1.0146,0.5016,-0.625,0.4596,-1.3379,-1.3893,0.8816,-0.6944,-0.3327,-0.0804,-1.3003,-0.9006,1.4821,0.3257,-1.3614,0.9247,-0.5549,-0.1254,-0.1294,-0.5622,0.1762,-0.2214,0.6891,-0.2753,-0.34,-1.2585,-0.965,1.2353,1.651,-0.3832,-0.2481,-1.0179,1.6402,2.3037,0.832,-0.7454,-1.8291,-0.8547,0.4274,-1.3583,-0.2953,0.8601,0.313,-0.6298,0.2612,0.1612,-1.0144,-1.6002,-1.2719,0.7896,-0.345,0.4701,-2.084,-0.346,1.1223,-0.346,1.041,-1.1725,-0.74,0.5267,0.3498,0.3562,0.8603,-0.7156,1.2301,-0.9389,-1.2587,-1.1565,-0.3733,0.6523,-0.3823,1.5381,1.1907,-0.4092,-0.9868,-0.7621,1.8236,-1.0125,-0.8524,0.4211,0.6743,1.5359,-0.5021,0.3341,-0.8133,-1.4291,-0.1135,-1.7473,0.6021,-0.2782,-0.3552,-0.2912,1.0622,-1.0086,0.8431,-0.7743,-0.2611,-0.465,-0.4182,-3.2625,0.2881,1.2039,-0.1543,-0.0174,-1.2352,-0.2265,-0.8872,1.0584,-0.5527,0.8986,0.4889,0.5701,1.1055,0.0594,1.1094,-1.1948,0.6019,1.2863,-0.3269,0.3496,1.1697,-0.4756,1.2662,0.9081,-0.4288,-0.4157,1.0589,-0.1415,0.0001,1.3059,-1.0072,-0.2714,-1.8029,-0.6849,-0.3472,1.8857,0.9346,1.2525,-1.8254,-1.0807,-0.1556,-1.0115,-1.3302,0.0767,-0.7834,1.2966
TIMP3,0.2051,0.2248,-0.0037,0.4018,1.4624,-1.487,1.5648,1.3495,2.5226,0.3692,0.9362,0.8617,-2.538,0.4465,-0.6663,0.5725,0.015,0.0387,2.5636,0.4821,0.3554,0.6711,-1.7039,1.1333,-0.4078,0.4994,0.0404,0.5126,0.4414,-0.7236,-1.2958,0.8174,-0.4378,0.7338,0.1969,0.835,-1.2043,-0.7113,-1.4328,-0.7231,0.8992,-2.2575,1.6715,0.1464,1.4079,0.8504,0.5419,0.8982,1.0116,0.086,-0.6352,-0.9254,-0.4629,-0.5024,0.076,0.3099,1.0403,-0.7574,-0.3624,0.5678,0.76,0.1235,0.6867,0.4481,1.3643,-0.1567,-0.5509,1.1781,1.4147,-0.4074,0.0639,-1.0878,0.6626,-2.5629,0.1838,-1.866,-1.1107,-0.2924,-0.5336,0.2368,0.2886,0.4319,-1.4379,-0.5823,-0.1975,1.0358,1.1364,0.5827,-1.9877,1.1986,0.9028,2.9464,0.2837,1.5252,-0.076,0.5326,1.0511,0.6732,1.4363,0.1848,0.1142,0.6995,0.1188,1.6995,0.5184,-0.9632,-0.9187,0.6659,1.2324,0.4873,-1.4516,-0.6624,-1.1261,0.7375,-0.8025,-0.5886,0.1805,-0.5252,-1.0705,1.1279,-1.139,-0.9651,-1.2507,-1.098,0.7419,-0.2152,-0.2168,1.1128,2.0084,0.5585,-0.7728,0.1037,1.3487,0.1542,-0.3418,0.6252,-0.2476,0.0641,0.4694,-3.4127,0.1266,1.456,0.1985,0.8079,1.3678,0.9482,-0.776,-0.9093,0.2684,0.0509,0.441,0.3835,1.6012,0.2576,-0.8071,0.0881,0.7822,0.6774,0.6922,0.7849,-0.9399,0.473,-0.8992,-0.7118,0.425,0.7232,0.8477,-0.0963,-0.1417,-0.1003,-1.3713,1.2815,-2.4368,-1.0239,2.1975,0.4818,-0.413,-0.3872,-0.2918,0.4407,0.3322,-1.0806,2.1693,-1.0344,0.5729,-0.0709,1.8624,-1.1425,-0.3084,1.9596,1.857,0.7907,1.4905,0.2265,-1.7098,1.2459,0.0855,0.0054,-0.6501,-0.3206,0.5656,-0.0234,0.5665,-1.5391,0.5954,-1.4042,0.2803,0.8217,2.3399,0.8987,0.2186,-0.5776,-2.455,-0.0787,0.4314,-0.1739,-0.7981,1.3642,0.3659,-1.1051,0.1082,-0.2198,0.5138,0.9918,-0.1345,-0.3639,-0.0024,0.396,0.4851,1.1614,0.4758,0.1322,0.5396,0.4169,-0.9263,-0.7405,-1.092,1.2737,-0.3686,1.2143,0.4689,0.8501,0.2923,-0.7073,0.1936,0.2404,1.3873,0.2939,0.2961,0.3433,0.9732,0.3971,0.6186,-0.4479,0.9626,-0.6869,0.9615,-1.6639,-0.2585,0.8905,-0.2463,-0.2192,0.3259,0.0182,0.1254,-1.2262,0.465,-0.0113,-0.0553,0.6083,0.8453,-0.0756,0.2157,-1.2542,0.8187,-1.4608,-0.1754,1.1262,0.8417,-0.1293,0.0787,2.2751,0.1895,0.5075,0.2894,0.5583,0.118,-2.5469,0.3981,0.6839,0.1016,-1.3804,-0.873,-1.3125,-0.29,-0.229,-0.5932,-1.489,-0.8718,-1.9398,0.3021,-0.3361,-1.1505,1.0646,-1.8553,1.0684,1.1787,1.0394,-0.5196,-1.9897,1.8296,1.1312,0.4351,0.4171,0.8401,-0.2251,-2.3127,-1.9778,0.9807,0.2839,1.548,0.2474,-1.2052,0.1853,1.0429,-0.4362,1.314,-1.1389,-0.2966,0.6491,-0.5926,-1.4121,-0.1875,0.1375,0.5565,-2.2606,1.6187,0.4942,-2.699,-0.7917,1.9115,-1.1052,0.5737,0.2013,0.4007,-0.674,0.2457,0.076,-2.1568,0.4438,0.528,-0.3234,1.4859,0.2641,0.4725,-0.6962,-0.6917,0.3402,0.1595,-2.6817,-0.4568,-1.4502,-1.5541
TIMP4,-1.0467,-0.6704,0.8099,-0.7755,0.8951,-1.0183,1.104,-0.215,1.2014,0.8332,0.9736,0.9346,-1.1859,-1.1266,-1.1081,-0.3617,-0.0667,-0.9523,1.9564,-0.3988,2.3112,0.6213,-1.2674,-0.4523,-0.9268,-0.5232,-0.3132,-1.0523,-1.4844,-0.7331,0.7992,1.0101,-0.4931,-1.4844,0.2661,-0.3928,-0.575,-1.0456,1.42,0.2434,0.8691,-1.1367,1.1982,-0.5987,-0.5853,0.117,-0.1945,0.861,1.9641,-1.1193,-0.6032,-1.4844,-0.0838,-0.4828,0.0067,-0.6636,0.1489,0.2067,-0.9052,-0.3739,0.581,1.9058,-1.0753,-1.4844,2.1917,0.1422,-1.4844,-1.4844,-0.7662,-1.4844,-0.4908,1.067,-1.1628,0.5202,-0.9942,-1.0872,-0.0308,-0.8308,-1.3103,-1.4844,-0.7452,-0.1144,-0.6341,1.6618,0.8795,-0.1064,-1.0757,0.2416,-0.9084,-0.3414,-0.2156,0.7703,-1.2459,-0.6441,-0.4108,0.6834,2.0475,0.8185,2.7817,0.43,-0.3437,-0.1832,0.1919,0.1647,-0.9857,-0.8602,0.2185,-0.768,-1.1852,-0.4801,-1.4844,0.1955,-0.8928,-0.7833,-0.1404,-0.3832,-0.233,0.1026,-1.081,1.6324,-0.0911,-0.1059,-0.8538,-0.0903,0.0703,-1.2496,-1.4844,1.3919,-0.9744,0.4896,-0.3981,1.9918,0.8765,-1.4844,1.3515,-0.6433,1.3606,2.089,-1.4844,-1.2909,-1.1009,-0.203,-0.5878,-0.4883,0.444,0.3814,-0.8681,0.141,1.6867,0.5353,0.2099,1.0211,-1.3026,0.5857,-0.9725,1.6683,-1.0114,0.4983,0.6239,1.0846,-0.9953,-1.1006,-0.7505,-0.7469,-0.6108,1.7569,0.0342,0.4599,0.2008,2.3782,-1.4844,-1.1799,-0.6497,-0.914,-0.9425,0.1913,-0.421,-0.5828,-0.7763,-0.9242,0.1149,-0.7988,0.011,0.8792,-0.7815,-0.8738,-0.2265,-1.4844,-0.7939,-0.5073,0.0358,-0.6302,-1.4844,0.0996,-0.4879,0.0167,-0.6725,0.572,-0.8301,-0.9166,0.6716,-0.5679,0.4399,-0.9617,-0.0319,1.6895,0.5501,-0.9939,1.463,-0.3363,1.3281,0.3042,-0.6735,1.8055,0.7834,-0.0208,-0.753,-1.4844,1.6741,3.7555,-1.0847,1.532,0.3369,0.1282,-1.08,1.0618,-0.3039,1.1776,-0.929,-0.0437,-1.4844,-0.4263,0.2239,-0.4578,-0.2383,0.2811,-0.5776,2.9985,-1.0245,-1.138,-0.8052,-0.9134,0.5091,0.0711,-0.807,-0.6073,0.3694,-0.9052,1.5489,-0.4234,0.4135,-1.4844,0.2738,-0.7629,0.974,1.515,-0.5268,0.4192,0.0609,-0.7751,-0.977,0.1376,-0.0039,0.0704,-0.7545,-1.1489,0.5381,-0.4065,0.8749,0.432,3.6167,0.3139,0.0503,-0.2414,0.7766,-1.277,-0.6606,1.9002,0.9495,-1.0955,-0.4891,0.3867,-0.0252,0.0422,-0.63,0.4241,-0.9502,-0.198,1.3651,-1.0974,0.2143,-0.072,1.8912,0.1303,0.1227,-0.6398,-0.2401,-0.5393,1.691,-1.4844,-1.1081,-0.938,0.4299,2.3904,-0.8045,-0.2859,0.5504,3.3515,-0.246,-0.8816,2.7072,0.4221,1.1247,-1.2613,0.1883,-1.2348,-1.4844,-0.6898,0.8477,2.6012,1.201,2.0857,0.1599,-1.1261,-0.9185,-0.7806,0.0886,0.7013,1.3235,0.1507,1.19,-1.4844,1.2692,1.4552,-0.423,-1.1648,-1.2592,-0.4594,-1.0341,-1.4844,0.0282,-0.749,0.5168,0.6006,1.6559,0.996,-1.2327,0.2666,0.1048,-0.5329,-1.0864,-0.0678,0.1377,1.4884,-0.7619,-1.2182,0.8085,0.4544,-0.8522,-0.9482,-0.5961,-0.1728,0.0705
