SAMPLE_ID,PLAT,PLAU,CTSA,CTSB,CTSD,CTSH,MMP1,MMP2,MMP9,MMP10,MMP12,MMP13,MMP14,MMP15,MMP16,MMP17,MMP19,MMP21,ADAM10,ADAM12,ADAM15
TCGA-3N-A9WB-06,0.2371,-0.9811,0.5487,0.834,-0.9143,1.7946,0.7534,-0.6541,-0.9542,-0.0513,-1.5777,0.0334,0.0848,-0.3626,-0.4643,0.9892,-0.8865,-1.6167,-0.8568,-0.6756,0.6064
TCGA-3N-A9WC-06,-1.5467,0.3053,-0.1833,-0.7885,-0.0563,0.1096,-1.0789,-0.7406,0.116,-0.8133,-0.5685,-1.5233,-2.0966,-2.123,-0.085,-0.1496,-0.7929,-0.7177,-0.7786,-0.1682,-0.8241
TCGA-3N-A9WD-06,0.18,0.0713,-0.1508,-0.2297,-0.3586,0.4655,0.3968,-0.3314,1.1336,1.7817,1.6899,-0.1439,-0.6503,0.4345,0.1124,0.1063,-0.0084,-0.1891,-1.3963,-0.7187,-0.2882
TCGA-BF-AAP0-06,0.0489,0.5127,0.8857,0.63,0.6235,0.949,-0.6162,-0.1485,0.4543,-0.0535,0.2081,-1.5233,0.7303,-0.161,-1.1873,-0.5903,0.2108,-0.7162,0.1569,0.4115,0.2989
TCGA-D3-A1Q1-06,-0.134,-1.4697,-0.9657,-1.3474,-0.8489,-1.8685,-0.3262,0.7015,-1.0564,-0.8473,-0.6875,-1.5233,-1.3792,2.2267,0.9159,0.6751,0.6326,-0.178,0.8913,0.5026,-1.2981
TCGA-D3-A1Q3-06,0.2166,-0.3394,-0.3738,-0.299,0.2011,-0.5267,-1.8021,-1.3145,-0.2049,-1.2199,0.4133,-1.5233,0.249,-1.3401,-0.9395,-0.0825,-1.3274,-1.6167,1.3257,-0.0995,0.1214
TCGA-D3-A1Q4-06,0.7166,1.5808,-1.9954,-1.3412,-0.9019,-0.5212,0.5177,0.7888,2.2645,-0.4082,-0.33,2.116,-0.3374,-0.0723,1.3016,0.1946,0.5379,-0.7705,0.2736,2.2463,-0.3405
TCGA-D3-A1Q5-06,2.1001,-0.9229,-2.2682,-1.3929,-1.1305,-0.3369,-0.1174,0.3222,-0.0141,0.2953,-1.5777,-0.8318,-0.7321,-0.3069,1.2982,-1.1774,0.8008,0.4123,0.0112,-0.2625,-1.6269
TCGA-D3-A1Q6-06,-0.5889,0.8077,-1.4689,-0.1127,-2.8792,-2.1303,1.7881,-0.8284,-0.961,2.1635,-0.1554,1.6016,-1.4525,-2.7599,1.266,-1.8348,-0.2257,-1.6167,-0.8912,-1.1802,-1.2886
TCGA-D3-A1Q7-06,0.4213,0.6069,-0.3814,0.0983,0.1102,0.1265,-1.4044,-0.023,1.1839,-0.4563,1.4931,-0.5272,0.0195,-0.6468,-1.0781,0.8458,1.0787,-0.94,0.3804,0.291,0.9679
TCGA-D3-A1Q8-06,1.8755,1.3397,0.1325,0.1864,-0.5,-0.292,1.8886,0.1475,-1.6703,0.7591,-0.5843,-0.9134,0.468,2.1664,0.8938,-0.1828,0.803,-0.2375,1.6549,1.2854,0.4894
TCGA-D3-A1Q9-06,0.0518,-0.1243,1.5627,0.028,-0.0074,-0.1009,0.186,0.5284,0.5246,-1.0235,0.8343,-1.3909,1.1362,0.2264,0.7049,-0.855,-0.9127,-1.6167,1.9703,0.2471,-1.4052
TCGA-D3-A1QA-06,-0.8482,-0.5837,0.1373,-0.3024,0.2173,0.4669,-0.8099,-1.1232,-1.0672,-1.2199,-0.4534,-1.5233,0.8256,-1.7597,-0.5439,-0.3738,-1.116,-1.6167,1.268,-0.3171,-0.6595
TCGA-D3-A1QB-06,-1.7612,-0.2126,0.4418,0.0871,0.6066,0.908,-1.2834,-0.0371,-0.1019,-1.2199,-0.2993,-1.2167,0.0882,-0.1221,-0.7297,0.1753,-1.8896,-1.6167,0.2032,0.8353,0.2853
TCGA-D3-A2J6-06,-0.9824,0.044,0.8109,0.104,0.3609,0.5688,-0.6282,0.5507,0.2107,-1.2199,0.2359,0.6169,-0.2886,-0.1144,0.0654,-0.3097,-1.4715,-0.2611,0.6716,0.4822,0.6722
TCGA-D3-A2J7-06,0.3014,0.6256,0.5634,0.5668,-0.3098,0.6966,0.0937,0.118,0.9918,-0.4534,-0.6127,1.349,0.5618,-0.2287,1.3615,-0.5616,-0.5679,-1.6167,0.588,0.195,-0.2095
TCGA-D3-A2J8-06,-1.3888,2.7584,-0.8847,1.105,-0.2795,-0.2998,1.666,-0.1018,0.9833,-1.0441,1.3604,-0.8903,1.4739,-1.6134,-0.0901,-0.3044,0.7865,-0.3974,-0.6693,-0.2483,2.2473
TCGA-D3-A2J9-06,-0.9977,0.4081,0.2293,0.231,-0.0714,1.1346,-0.8269,-0.8182,1.4512,-0.4378,0.9816,-1.3598,-1.6187,0.2054,0.1946,-0.9181,0.9036,-1.1073,0.2788,-0.2797,-0.7526
TCGA-D3-A2JA-06,2.2796,1.0481,-0.5199,-0.7737,-0.3199,-0.3979,1.5858,1.3495,2.9891,0.108,0.807,1.763,1.3147,1.3747,1.341,0.7943,2.5516,1.1273,0.3723,1.843,-0.9888
TCGA-D3-A2JB-06,-0.0219,-0.0783,-0.4781,-1.0981,0.1352,0.772,-0.5818,-1.3263,0.8177,-1.2199,1.213,-1.2004,-1.4152,-0.0786,0.0558,0.6806,-0.1554,-0.8486,0.4245,-0.5706,0.4022
TCGA-D3-A2JC-06,0.784,0.265,0.6073,0.4442,-0.0849,0.0572,0.2586,-0.4207,0.3163,1.2619,0.4918,-0.2362,-0.4689,-1.0364,0.3192,-0.6636,-0.8136,-0.7135,0.7663,0.2689,-0.7444
TCGA-D3-A2JD-06,-0.0081,0.1125,1.6912,-0.3487,0.3107,1.2183,-0.7858,0.6128,0.2753,-0.2712,0.1645,-1.0368,1.1565,-0.046,-1.767,0.8932,0.2453,-1.6167,0.0461,-0.0457,1.467
TCGA-D3-A2JE-06,1.1195,-1.1679,-2.2848,-2.7411,-1.8514,-0.8728,-0.9871,-0.0335,0.0829,-1.2199,-0.0857,-1.1232,-0.3888,-0.5802,1.6085,0.9955,-2.5041,-0.8348,0.4244,-0.1742,0.2974
TCGA-D3-A2JF-06,0.9588,0.2584,1.2458,-0.0705,0.7571,-0.0065,-1.5219,-0.4536,0.6751,-0.7373,0.0671,-0.2287,-0.9642,-0.0396,0.7987,0.6075,0.8818,-0.5251,-0.2029,-0.2754,-1.5274
TCGA-D3-A2JG-06,-0.667,-1.1366,-0.8172,-0.5265,0.6133,-0.7087,0.1968,2.79,-1.7584,1.2989,-0.7048,-1.5233,0.5311,0.0529,0.71,-1.177,-0.0772,-0.125,0.3489,-1.053,0.32
TCGA-D3-A2JH-06,0.2765,-0.173,0.0542,-0.3688,-0.3889,0.137,-0.2736,0.123,-0.236,-0.3812,0.3133,-0.4438,-0.5873,0.2025,-0.3861,0.7251,-0.012,-0.9247,0.7058,-0.6848,-0.3697
TCGA-D3-A2JK-06,0.9114,0.4718,1.4962,1.8737,2.0016,2.2665,0.2676,0.4621,1.3374,-1.2199,0.4383,-0.7868,1.0466,1.6782,-0.6371,1.8727,1.5048,-1.6167,-2.7563,-0.4256,2.223
TCGA-D3-A2JL-06,-0.6607,0.5427,1.3872,-0.0186,0.6907,0.8673,-1.3294,-0.3941,1.1858,-1.2199,-1.1589,-0.1203,1.611,-0.274,-1.8474,-0.9974,0.3222,0.4724,-0.9125,-0.8335,-0.5859
TCGA-D3-A2JN-06,0.2809,1.3084,-0.0965,-0.442,-1.1504,-0.5474,0.0477,0.7123,0.121,0.0053,1.9919,-0.9854,-1.7837,-1.351,0.7971,-1.2132,0.5085,-0.4576,-1.0034,2.0654,-0.6494
TCGA-D3-A2JO-06,-0.3471,0.7052,-0.8355,0.2985,0.5323,0.6402,-0.4035,0.8551,0.934,-1.2199,1.5545,-0.2892,0.7687,-0.327,1.0967,-0.012,-1.1342,-1.6167,0.7815,0.0058,-1.0919
TCGA-D3-A2JP-06,-0.6454,-0.4565,0.6371,1.3682,0.3339,0.3921,-1.3987,-1.1979,-0.5733,-0.8397,0.1227,-1.5233,-1.8887,0.3438,1.5897,0.2897,0.0636,-0.7829,-0.9024,0.0191,0.6892
TCGA-D3-A3BZ-06,-0.6749,1.9319,0.1005,1.6211,1.2145,1.3842,1.5499,1.2482,0.4809,-0.1476,0.3918,1.2408,-0.4383,-0.672,-0.8562,-0.1605,1.5876,-1.6167,0.1051,1.3919,1.0798
TCGA-D3-A3C1-06,0.2027,0.2904,1.7716,3.1395,1.0525,0.2809,1.1472,-0.9611,-0.9865,1.9325,-0.6356,-1.5233,2.3131,0.5058,0.2008,-2.4677,1.5257,-1.6167,-1.0579,-0.78,0.0236
TCGA-D3-A3C3-06,-1.4348,-0.9858,-1.4393,-0.9577,-0.9645,0.4565,0.3736,-1.4739,-0.0057,0.2466,1.3455,-1.5233,0.398,-1.288,0.9693,-1.1539,1.2571,-1.6167,-0.7475,-0.8071,-0.5368
TCGA-D3-A3C6-06,0.2599,-0.3089,-0.2606,-0.6595,-0.9348,-1.8676,-0.6628,-0.1837,1.0305,-0.8854,-0.6216,0.7651,0.23,1.7551,1.2214,0.5539,0.3612,-1.6167,-0.5747,0.854,0.8291
TCGA-D3-A3C7-06,0.6258,-0.4822,-0.0756,0.8908,0.223,0.5328,-0.5686,-1.1116,1.5204,0.6049,1.9145,-1.0634,0.8406,1.5109,1.1685,-0.1114,1.0882,-1.6167,-0.1432,-0.0573,-1.1912
TCGA-D3-A3C8-06,0.141,1.4751,1.467,0.025,0.4462,1.0463,2.2112,0.4733,0.4318,0.9793,-0.3636,1.3559,-1.001,-1.1646,0.0965,0.0188,0.1914,-1.6167,-0.456,0.558,-0.3186
TCGA-D3-A3CB-06,-1.087,0.6976,0.8434,1.2404,1.4529,1.6746,0.6797,-1.5859,1.7881,0.5137,1.9712,-1.1535,-0.9936,-0.8368,0.5742,0.0467,0.7648,-1.6167,0.8275,-0.552,-0.5334
TCGA-D3-A3CC-06,1.148,-0.1399,0.6367,0.1182,0.3366,-2.1447,-1.5504,-0.0127,-1.6598,-0.8891,-1.4345,-1.0902,0.8905,1.1643,0.9267,-0.1727,-1.5856,-1.6167,1.3174,0.7857,0.4306
TCGA-D3-A3CE-06,0.3802,-0.272,-1.5842,-0.4552,-0.7025,-0.512,-0.7805,0.3728,-0.1665,-0.5889,0.2979,-0.7645,-1.3364,0.3835,1.0534,-0.6707,0.3358,0.3875,0.7243,0.4236,-0.0959
TCGA-D3-A3CF-06,0.7267,0.692,-0.0997,0.2409,1.1387,1.6304,-1.506,-0.4507,0.3968,-0.8919,0.1354,-1.153,0.8265,0.6665,-2.2282,0.4568,-0.3364,-1.6167,0.73,0.1579,0.0155
TCGA-D3-A3ML-06,-0.1596,-1.6746,-1.3866,-1.5456,-1.165,-0.8789,-0.8313,-2.2694,-2.0461,-1.0388,-1.4375,-1.5233,0.9668,-0.4324,0.8714,-0.3458,-3.4076,-0.9175,0.6233,-1.3374,0.3971
TCGA-D3-A3MO-06,0.5293,-0.5499,-1.4687,-0.4716,-1.0517,-1.7288,2.0045,0.3332,1.9462,0.0694,-0.6719,1.8066,0.3125,1.2077,1.4089,0.0759,1.243,0.2666,0.2313,0.1893,0.359
TCGA-D3-A3MR-06,0.4956,0.6247,-0.1021,-0.1195,-0.0811,0.8332,-0.2734,0.1611,1.2516,-1.2199,1.1464,-1.3465,-0.1868,1.5038,0.5148,0.1047,0.9551,1.5742,-1.4706,0.83,0.1156
TCGA-D3-A3MU-06,0.7517,1.7892,1.8619,0.3738,1.9037,0.3695,0.9444,0.4898,2.0704,-0.5654,-0.4593,1.366,0.9659,-0.0144,-0.0602,0.5366,0.8806,-1.6167,-0.9435,0.8636,0.7214
TCGA-D3-A3MV-06,1.7293,-0.3713,-0.7826,0.0699,-1.2323,-1.5172,0.8752,-1.1835,0.0983,-0.7674,1.3399,-1.0358,-0.8335,2.3507,1.3797,-0.4866,0.2155,0.1304,0.9578,1.0826,-0.5229
TCGA-D3-A51E-06,-0.5731,1.079,-0.3312,-0.2344,-0.2224,-0.4446,-0.3645,-0.231,0.3021,-1.2199,0.6476,-0.133,-0.6356,0.4637,0.3243,-0.4361,-1.191,0.0348,0.0184,-0.547,-0.27
TCGA-D3-A51F-06,-0.0588,1.3511,0.0118,0.8906,0.615,1.2402,0.0683,0.3062,0.4588,0.1045,-0.7956,-1.2419,-0.5383,0.746,0.6181,-0.1673,1.0129,0.9923,-0.2592,0.7795,0.0119
TCGA-D3-A51G-06,0.5696,0.6214,-0.5211,-0.6005,-1.0765,-2.196,1.0846,0.5804,1.1591,0.3212,-1.5777,1.3769,0.2451,0.2434,1.6878,-0.2341,-0.486,-1.6167,0.2856,1.2484,-0.2557
TCGA-D3-A51H-06,-2.1566,-0.5015,-0.86,-0.5827,0.1294,1.3582,-0.5822,-0.6902,1.3311,-1.2199,1.652,-0.3494,-1.2989,-1.8713,-1.1046,-1.0999,1.0829,2.2009,-1.2018,-0.1438,-1.5058
TCGA-D3-A51J-06,-0.6276,0.0223,0.5582,0.6148,1.1549,1.2077,-0.5806,-1.1794,0.7891,-1.2199,-0.1988,-0.6639,-1.9763,0.8318,1.2998,0.2779,-0.0926,-0.7545,-0.2736,-1.0729,0.0794
TCGA-D3-A51K-06,-0.0136,-1.1798,0.2752,-1.5128,-0.1091,0.7485,-0.5494,0.7706,-0.554,-1.2199,0.235,-1.5233,-0.3755,0.6157,-0.9056,1.4198,0.8845,-1.6167,-4.5681,-0.7676,1.6799
TCGA-D3-A51N-06,-1.6023,0.3579,0.5838,1.2468,0.2761,0.5849,0.4034,-1.2372,1.2273,0.0869,1.5567,-1.5233,-1.0209,-0.9211,0.8668,-0.0608,1.3888,0.5496,-0.2893,-1.2932,-0.9205
TCGA-D3-A51R-06,-1.8873,-0.8675,-3.6429,-3.6314,-3.0042,-2.2915,0.353,0.4865,-0.0927,-0.0676,-1.3686,0.2523,-3.0778,-1.6024,0.6689,-3.442,0.4339,-1.6167,-1.9728,0.7466,-1.3249
TCGA-D3-A51T-06,0.5232,-1.1052,-0.3636,-0.152,-0.3617,-0.7879,-0.1815,-1.3515,-0.0183,-0.7409,0.9453,-1.0118,-0.0801,0.6836,0.0394,0.3858,0.6832,0.2327,0.0852,-1.0221,-0.6909
TCGA-D3-A5GL-06,-0.5062,0.2866,0.5976,1.6111,1.7889,0.4892,0.8288,1.1269,-0.7087,-0.6695,-1.0618,0.7746,2.1497,0.9762,0.3554,1.0567,-0.6439,-1.6167,0.0568,-0.6791,0.5097
TCGA-D3-A5GN-06,0.3793,0.5734,0.0756,-0.8403,-1.3795,-0.8557,-0.0445,-0.2174,1.0267,-0.349,0.4794,1.0413,-0.8184,0.812,1.7031,-1.0909,-0.552,-0.5246,0.3323,0.9184,-0.4407
TCGA-D3-A5GO-06,0.0392,0.2398,1.1325,2.526,0.424,1.3599,1.7636,1.1385,1.5954,-0.9672,-1.1266,1.6541,2.2901,-2.0104,-0.6822,0.3257,1.2004,-1.6167,-1.0882,-0.7525,-0.1341
TCGA-D3-A5GR-06,0.6617,0.7726,0.2948,0.1048,-0.9555,0.3828,0.8918,-0.5093,1.0664,1.9092,2.6043,-0.5721,-0.8921,-1.415,1.3389,-3.1638,0.107,-0.062,0.5279,0.7161,-0.5457
TCGA-D3-A5GS-06,0.008,0.0014,-0.0109,-0.4642,0.6062,-0.3481,-1.7155,-0.7804,-0.2161,-1.2199,-1.3616,-1.5233,0.3707,0.0045,0.329,0.0643,0.1157,2.0705,-0.115,0.1534,-0.1866
TCGA-D3-A5GU-06,1.0577,-0.1606,-0.2705,-0.9952,-0.674,-1.1382,-1.3736,-0.919,-0.9508,-1.2199,-1.5777,-1.3502,-0.7481,-1.0046,-1.3389,1.1738,-0.2384,-1.6167,-0.8661,0.2896,0.2458
TCGA-D3-A8GB-06,0.9145,1.3153,-0.04,-0.1284,0.1473,0.9589,0.2627,0.7122,0.2244,1.5065,0.2514,0.409,-0.3582,-1.1212,-1.1228,0.4438,1.8047,-1.6167,-1.5529,0.6702,0.5664
TCGA-D3-A8GC-06,0.0738,-0.0733,-0.3098,-0.2285,-0.4723,-0.3519,-1.2182,-1.4852,-0.0938,-1.2199,-0.2984,1.469,-0.8479,-0.7813,0.8361,-2.3214,-0.1739,-0.779,0.8757,-0.7277,-0.8576
TCGA-D3-A8GD-06,-0.5431,-0.1001,-0.271,-0.5205,0.2137,1.3128,-0.9818,-1.4732,1.1914,-1.2199,0.9604,-1.3491,-0.1539,-1.0106,-1.7976,-0.5286,0.7267,0.6745,1.078,-0.9452,-0.2889
TCGA-D3-A8GE-06,-0.9376,0.8975,-1.582,-0.8412,-2.2234,-0.0943,-0.9404,2.2716,-0.1757,-0.6626,-1.3925,0.0316,1.1875,-1.502,1.2977,-2.5498,2.952,2.5222,-0.5585,0.9465,-1.4179
TCGA-D3-A8GI-06,0.4686,1.1609,2.7118,1.4052,2.1031,1.5162,0.6167,1.0698,1.1052,-0.7801,0.7278,1.0994,2.1653,-0.6277,-1.2112,1.438,1.3158,-1.6167,-0.896,0.4461,2.3458
TCGA-D3-A8GJ-06,0.8436,0.1777,0.5178,0.1651,-0.1053,0.3449,-0.3296,1.1434,1.4193,0.2426,1.1023,-1.5233,-0.4433,0.9267,0.5008,-0.1525,0.4315,-0.6119,-0.7785,-1.0046,0.2359
TCGA-D3-A8GK-06,-0.0762,-1.7046,-0.4408,-0.4454,-0.2594,-0.2029,-0.0576,-1.1267,-0.0437,-0.9353,0.4659,-0.8714,1.9746,0.4186,-0.2219,0.8693,-0.5677,-1.6167,-1.4291,-1.788,1.2004
TCGA-D3-A8GL-06,0.0313,-0.9941,-1.0017,-0.8982,-0.6391,0.8716,-0.2195,-1.2007,-0.6602,-1.2199,-1.5777,0.7648,-0.335,-0.1586,-1.1145,-0.0825,-0.7146,-1.6167,1.9581,-1.2826,0.522
TCGA-D3-A8GM-06,-1.171,-0.0249,0.5921,-0.1281,0.7222,0.7383,-0.6192,0.5285,0.3733,-0.8632,1.6432,-0.3363,0.7807,-1.2911,-2.1126,0.1602,-0.8083,-1.6167,1.4819,-0.1798,0.1783
TCGA-D3-A8GN-06,-0.6851,0.8455,0.3329,0.0859,-0.589,-0.7909,1.6876,1.6865,0.3277,0.5133,0.0989,-0.8344,0.4826,1.363,-1.595,-1.2871,1.2769,-0.4206,-1.0055,-1.1051,0.1174
TCGA-D3-A8GO-06,-1.0559,-0.1784,1.3556,-0.0255,-0.2887,0.5257,0.0017,1.4688,0.4783,0.8099,0.3041,-1.5233,-0.9897,0.7949,0.8399,0.0216,1.8858,0.4806,-1.581,-0.2911,-0.2111
TCGA-D3-A8GP-06,1.8982,-2.1071,0.3977,-0.7452,-0.0475,0.6137,-0.1795,1.1673,-1.0726,0.0658,-1.5777,-0.1418,0.9254,0.2802,0.0604,1.1059,-0.5038,-1.6167,0.0027,-1.7527,0.0874
TCGA-D3-A8GQ-06,0.0875,0.5478,-1.0687,-1.3428,-1.3596,-1.1115,2.3328,0.4338,1.0288,-0.2171,0.641,0.5255,0.6404,0.9166,0.2817,-1.7145,-0.2521,-0.5933,0.3836,1.3221,-1.1286
TCGA-D3-A8GR-06,-0.3429,-0.6244,1.1625,0.1757,1.1263,0.9141,-2.0381,-0.9965,-0.7219,-1.2199,-1.2237,-1.5233,0.6053,0.537,-1.5796,1.0214,1.1798,1.9544,-2.8599,-1.4652,1.1119
TCGA-D3-A8GS-06,-0.9517,-1.1347,-0.15,2.1357,0.3281,0.781,-0.7908,-2.8464,0.3991,-1.2199,1.6982,-1.5233,-1.0876,-1.6611,-0.0981,-0.4383,1.0547,1.4258,-1.0409,-2.3444,-0.0964
TCGA-D3-A8GV-06,-0.5259,-0.722,-0.7704,0.551,-0.6388,-0.9391,-0.3163,-1.6381,0.1581,-0.1892,0.6427,-0.8705,0.4777,-1.1674,0.3953,0.556,-0.0498,-1.6167,-0.517,-1.325,0.9627
TCGA-D9-A148-06,-1.3123,-0.3913,0.8517,-0.1154,0.3748,0.6033,-0.0863,-0.6299,1.0488,0.0291,-0.4606,0.4386,0.2971,-0.0009,-1.382,0.8119,-0.347,-1.6167,1.0395,-0.3055,0.0655
TCGA-D9-A149-06,-0.5905,-0.1718,-0.2676,1.2638,0.1674,0.558,0.3821,-0.3747,0.0884,-0.8159,-1.452,-0.065,0.33,-0.3299,0.1959,1.2618,-1.0679,-0.9896,2.1903,-0.6655,-0.4218
TCGA-D9-A1JW-06,-0.258,0.0375,0.534,0.0367,0.8185,0.7163,-1.1733,0.0811,0.5309,-0.738,-0.7903,-1.1985,0.5062,-1.0328,-0.5044,0.6772,-2.0805,-1.6167,0.8924,0.3702,0.1994
TCGA-D9-A1JX-06,0.3752,-0.666,0.0614,0.6475,-0.7141,-0.5631,-0.6771,-0.0455,-0.9671,-0.8591,-0.4998,-1.5233,0.4329,1.6854,0.8833,-0.2856,-0.1429,-0.2234,0.0437,-1.3226,-0.0805
TCGA-D9-A1X3-06,1.1386,-0.8331,-0.7029,-1.2206,0.056,1.3934,1.0139,-0.5062,-0.0769,-0.5894,-1.1578,1.2318,1.2889,0.9326,0.4401,0.9355,0.6225,-1.6167,0.4522,-0.1939,-0.5188
TCGA-D9-A3Z1-06,0.3042,0.4666,0.8877,0.9636,1.1026,-0.1363,-0.3013,-0.2112,0.4798,-0.7149,1.3292,1.1667,0.8845,-0.1458,-1.8824,-0.8227,-1.1351,-0.4672,0.3136,0.1369,-0.5407
TCGA-D9-A3Z3-06,0.7344,0.6374,0.5946,-0.0074,0.2373,0.405,-1.0369,-0.415,0.1881,-1.2199,0.2663,-1.5233,0.4297,0.0386,-0.9163,0.092,-0.1384,-1.6167,0.0949,0.5607,0.2269
TCGA-D9-A4Z6-06,0.3644,-0.7628,-0.5251,-0.3422,-0.6285,-0.3237,0.9776,2.1835,0.1539,-0.7421,1.6612,-1.335,-1.0829,0.6381,-0.5949,0.931,0.8892,1.3075,2.2161,-0.4897,-0.3321
TCGA-D9-A6E9-06,0.7386,0.6258,1.3112,1.1823,2.011,1.3269,-0.5533,-0.2179,1.2772,-1.2199,1.4714,-1.2229,0.3454,-0.813,-0.3543,0.949,-0.2308,-1.6167,-0.9247,-0.7353,0.2995
TCGA-D9-A6EA-06,-0.2045,-1.0963,0.7033,0.3736,0.1078,0.2822,0.3421,-1.2682,-0.5975,-0.7057,1.0861,-1.3773,0.4707,0.6354,0.7561,0.2485,-1.8999,-1.6167,-0.1979,-2.1307,0.1992
TCGA-D9-A6EC-06,-0.4606,-0.3829,0.5972,0.7225,-0.1125,0.6488,-1.2712,0.5179,0.268,-1.2199,-1.3125,0.7563,0.1286,0.1136,-1.3083,-0.9583,-0.759,-1.6167,-0.2512,-0.6924,0.257
TCGA-D9-A6EG-06,-1.4197,-0.0677,-0.7654,3.507,0.9576,0.2755,-0.8605,-0.1372,0.0281,-0.6825,0.1192,0.1873,0.2204,0.8363,-1.0497,0.4667,-1.2305,-1.6167,0.6391,0.3952,-0.5647
TCGA-DA-A1HV-06,-0.6484,0.4555,2.5225,0.2874,0.8701,1.1258,-0.3783,-0.9826,0.4732,0.1225,0.1882,-0.5098,-0.4008,0.9317,0.6153,-0.0936,0.7109,-0.6057,-0.1529,-1.5829,-0.3837
TCGA-DA-A1HW-06,0.0372,-0.2794,0.1752,-0.0259,-0.4204,0.0044,-0.3554,-0.8579,-0.2698,-0.1107,1.2723,-1.4067,0.5821,0.1161,-0.4085,-0.3718,-0.1521,-1.6167,1.2601,0.2502,0.382
TCGA-DA-A1HY-06,1.2313,0.5203,0.2137,0.0957,-0.8961,-2.0906,0.0695,-0.2578,1.2441,0.414,-1.0399,0.8044,-0.6562,0.0009,1.513,-0.4038,0.2153,-1.6167,0.7799,1.1808,-0.9819
TCGA-DA-A1I0-06,-0.2413,0.1682,1.9671,0.4975,1.8895,0.761,0.3819,0.9765,0.279,0.1314,1.5479,-1.5233,1.6322,1.1095,-1.1356,1.2426,0.489,-1.6167,-1.7404,-0.158,1.8176
TCGA-DA-A1I1-06,0.8877,0.8241,0.415,0.4827,-0.6207,-1.0564,0.1225,0.5691,0.7414,-0.0334,-0.1156,0.5014,-0.5421,-0.5152,1.0611,-1.5003,-1.2228,-1.6167,0.4734,0.3812,0.6177
TCGA-DA-A1I2-06,0.5054,-0.3726,-0.0644,-0.5773,-0.1248,-0.7002,0.481,0.1545,-0.272,-0.5513,-0.0537,-1.1158,0.7035,-1.6991,-0.963,-0.1216,-0.459,-0.2014,0.2052,-0.1042,0.0637
TCGA-DA-A1I4-06,-0.0219,1.7375,1.1159,2.5986,2.0755,1.048,0.4449,1.3647,0.9404,-0.4227,-0.1947,1.2319,0.3181,0.6632,-0.3574,-0.2778,1.9483,-0.7925,0.0306,1.0589,1.1381
TCGA-DA-A1I5-06,-0.8519,1.4872,0.1876,1.1352,1.1705,1.2734,0.1848,0.4248,2.1955,0.4185,1.3375,1.7746,-0.1348,0.8238,0.0893,-0.3881,2.0771,-1.6167,-0.3194,0.509,0.5352
TCGA-DA-A1I7-06,1.8872,0.6982,1.0265,-0.1478,-0.7367,-1.3795,0.7905,-0.1309,1.4719,0.583,-1.1175,1.5984,-1.7565,1.2857,1.6887,-0.8197,-1.1938,-1.6167,0.8379,1.1628,1.074
TCGA-DA-A1I8-06,-0.1572,0.0703,1.5787,1.0784,0.2432,-2.0612,-0.1856,0.9861,1.5136,0.1718,-0.7485,0.7499,1.8997,2.0224,1.4797,0.6307,1.083,-0.8965,0.4327,0.4169,0.1075
TCGA-DA-A1IA-06,1.1733,-1.8246,1.2549,0.1156,0.7298,0.8211,-1.7437,-0.8071,-1.8228,-1.2199,-1.5777,-1.3537,0.8989,0.4288,-2.1482,0.9065,0.0259,-1.6167,-2.7365,-2.2908,3.6076
TCGA-DA-A1IB-06,1.7826,1.2997,-0.0414,1.2456,0.3613,1.7775,0.0561,-0.4218,1.6802,0.6168,2.2819,0.1817,-0.0554,-0.6447,-0.2055,0.6231,0.7771,0.6921,-0.0812,0.4281,-0.9372
TCGA-DA-A1IC-06,-1.6209,-0.9534,-0.2155,0.6522,1.0488,0.3994,0.8848,0.0979,-0.3904,-0.9873,-1.1559,0.5604,1.3208,-0.8733,-1.1561,0.6329,-1.0994,-1.6167,-0.3519,0.4521,1.1369
TCGA-DA-A3F3-06,-2.3078,-0.421,-1.4667,-1.0624,-0.9157,-0.9162,-1.2841,-1.1215,0.1566,-1.2199,-0.6563,0.6915,-1.2107,-0.1096,1.1434,-1.443,-1.6949,-1.6167,-0.4872,0.4805,-0.3985
TCGA-DA-A3F5-06,1.0273,-0.0397,-0.5529,0.2588,-1.1199,-2.6147,0.668,-0.7936,0.1455,2.3109,-1.2665,1.2974,-2.4432,-1.7667,1.3236,-0.9993,-0.332,-0.729,-0.0683,-0.3433,-0.009
TCGA-DA-A3F8-06,0.7575,-0.3201,0.0473,0.3061,0.2613,0.226,-1.3017,-0.8525,-0.1039,-0.8778,-0.2548,-1.3939,-0.4551,-0.9825,-1.82,0.6396,-0.5635,-1.6167,0.1248,-0.6009,-0.2788
TCGA-DA-A95V-06,-0.1447,0.0693,1.3293,-0.2151,0.8474,0.4,-0.9826,0.5522,0.6652,-1.2199,0.0452,-1.5233,1.7929,0.4526,-2.0391,0.5993,-0.0257,-0.2617,-0.8149,-0.2809,0.2781
TCGA-DA-A95W-06,1.0458,-1.3794,-0.9258,-0.4777,0.1017,-0.7384,-1.2874,-1.3486,-0.5294,-0.94,-0.0645,-1.097,-0.8647,0.6611,0.1247,1.7551,-0.2338,-1.6167,0.1077,-2.01,0.0546
TCGA-DA-A95X-06,-0.4311,0.2666,0.5647,0.0685,0.6946,0.1305,-0.578,-0.5687,-0.444,-1.2199,-1.2126,1.1307,0.0257,-1.1404,0.6841,-2.8575,-1.0686,-1.6167,0.62,-0.3501,-0.9013
TCGA-DA-A95Y-06,-1.8493,-0.8289,2.3358,0.3356,1.0246,0.8243,-1.1319,-1.2083,-1.1032,-1.2199,0.4475,-1.5233,0.6139,0.0677,-0.307,-0.2035,-1.0248,-1.6167,0.1217,-1.5621,0.496
TCGA-DA-A95Z-06,0.5368,-0.95,-0.2869,-0.6613,-0.3409,-2.0439,-1.6213,-1.7283,-0.5936,-1.2199,-1.2874,-1.5233,0.8372,0.6327,-0.444,0.3004,-1.1242,-1.6167,-1.4175,-2.9228,0.8988
TCGA-EB-A44Q-06,-2.0376,-0.5344,0.3002,-0.1564,0.8404,-0.0117,0.6297,1.5388,0.3611,-0.8119,0.3063,-1.5233,-0.4937,-1.5579,0.6281,-1.6725,-0.7049,-1.6167,1.8063,1.0827,-0.9983
TCGA-EB-A44R-06,1.0426,-0.4407,-0.9152,-0.6197,-1.5085,-1.6242,-1.085,0.1491,0.5295,-1.2199,-1.5777,0.3478,-0.944,0.3173,-0.6554,1.4766,-1.0112,-0.0644,-0.6669,0.1593,1.2008
TCGA-EB-A5KH-06,-0.0363,-0.956,0.1404,-0.2937,1.8151,0.2576,-1.665,0.5252,-1.0661,-1.2199,-1.5777,-1.5233,0.929,-1.0414,-1.618,2.2323,0.5136,-1.6167,-1.4858,1.3507,-0.9763
TCGA-EB-A5SG-06,-0.4765,1.4333,0.1489,1.0642,0.6895,1.1467,-0.6298,0.2661,0.9682,-1.2199,0.7518,0.2155,-1.3844,-0.8099,-0.5881,-0.0708,0.4509,-1.6167,0.0116,0.2076,-0.4326
TCGA-EB-A5SH-06,-1.3099,-1.0844,1.5176,1.4173,0.7505,-0.8904,-1.6021,-1.2571,-0.2112,-1.2199,-0.3331,-1.5233,0.7516,1.1116,-1.9925,1.9982,-1.64,0.2717,-1.6322,0.5181,1.304
TCGA-EB-A5UL-06,-0.0307,-0.5366,0.8823,-1.0598,0.1444,-0.2157,-0.6395,-0.2236,-0.0927,-0.9969,0.4928,-1.373,-0.3853,-0.0644,-1.0672,0.2961,0.2318,0.4158,-0.1035,-0.9301,-0.7077
TCGA-EB-A5UN-06,-0.7308,0.3978,0.5458,1.7064,0.9333,1.5561,1.7891,-0.2175,-0.6506,1.7546,1.1874,-1.5233,1.6455,-0.2925,-1.4596,0.7357,-0.5686,-1.6167,0.7142,-1.5416,-0.7258
TCGA-EB-A6L9-06,-0.7313,-0.1958,1.4977,-0.7356,0.3537,0.7901,-0.5357,1.6168,1.0732,-0.141,-0.3756,-1.5233,0.3739,0.5148,-1.3717,-0.0365,-0.336,-1.6167,-1.5722,0.4306,0.7182
TCGA-EE-A17X-06,-0.961,-0.6485,1.0738,1.6307,2.1734,-0.5618,-1.1696,-0.0169,0.193,-1.0064,1.3786,-1.5233,2.0656,0.1445,-0.552,0.5029,0.5164,-1.6167,0.7385,-0.3712,0.2381
TCGA-EE-A17Y-06,1.921,0.1073,-0.3294,-0.1915,-0.7573,-1.387,0.7069,1.2108,1.4748,1.8068,-0.6139,1.6475,-0.0306,0.6575,1.8352,-0.1294,-0.5101,-0.7921,0.5287,0.5147,-0.0074
TCGA-EE-A17Z-06,-0.8243,-1.6997,-0.786,-1.905,-1.2172,-0.7033,-0.8192,0.8746,-1.8666,-0.2057,-0.4878,-0.6472,-0.7132,0.3908,-1.2072,1.9183,-0.3559,0.8122,-1.5734,0.9359,-0.5511
TCGA-EE-A180-06,1.6775,-0.6984,-0.6929,0.4726,-0.3987,0.3266,-1.5551,-0.6899,-1.1775,-1.2199,-1.3247,-0.0114,0.651,-0.0225,-0.3167,1.149,-0.5631,-0.9118,-0.174,0.4399,-0.0251
TCGA-EE-A181-06,-1.4007,-0.1048,0.3777,0.2222,-0.023,0.7474,-1.2539,0.084,0.8413,-1.2199,0.6908,-1.3884,-0.8579,-1.2225,-2.3231,-0.1759,-1.0088,-1.6167,0.1796,-0.9136,-0.0391
TCGA-EE-A182-06,-0.1648,0.5542,2.1632,1.4769,2.3253,1.3761,-0.2326,0.9838,0.5198,-0.9561,-1.1107,-0.0492,1.3057,0.6264,-1.7883,1.8821,0.9199,-1.6167,-2.4685,0.6118,4.1603
TCGA-EE-A183-06,-0.8914,-0.1878,1.6551,0.219,2.2608,1.9592,0.177,0.1854,1.1783,-0.4268,1.3046,-1.5233,1.995,-0.2803,-1.2568,1.3139,0.2807,-1.6167,0.4944,0.1698,1.4257
TCGA-EE-A184-06,0.1947,-0.6426,0.6798,0.5666,0.0192,0.8715,-0.8858,-0.8804,-0.22,-1.2199,-1.2796,0.0181,0.4365,1.3261,-1.4493,0.7629,-0.291,-0.7709,0.3303,-0.8162,-1.0032
TCGA-EE-A185-06,1.0659,-1.5525,0.2058,0.8626,1.3312,0.2826,1.4517,-1.4663,-0.6227,0.9292,0.1922,-0.435,1.7515,-0.4881,-0.4169,1.4865,-1.164,-1.6167,1.0203,-1.5311,0.2473
TCGA-EE-A20B-06,1.8254,0.4359,0.8002,-0.3137,-0.5895,-1.0804,0.1387,0.4719,-0.0899,-0.9684,0.223,-0.4624,-0.1704,1.4872,1.3972,-0.0493,0.8281,-0.6457,0.8999,1.6163,0.0522
TCGA-EE-A20C-06,-4.4762,-1.7434,0.3831,-0.3475,0.6653,0.2718,-1.0523,-1.5886,-0.8411,-1.0226,-1.5777,-0.0687,0.5684,-2.2014,1.0192,0.91,-1.1621,-1.6167,-0.2054,-2.4929,-0.424
TCGA-EE-A20F-06,-0.3635,0.0708,1.0804,0.1585,0.0822,1.2196,-0.536,1.2235,0.0521,-0.2422,1.6282,-0.4645,0.6313,-0.9006,-0.7118,0.109,-0.382,-1.6167,0.9131,-0.574,0.0059
TCGA-EE-A20H-06,0.7545,-0.8627,-1.323,-1.9754,-1.1465,-1.5612,-0.5429,-1.0654,0.8221,-0.301,0.2482,0.6828,-2.2919,0.5243,1.3442,-3.2878,0.1215,-0.4361,1.1414,1.6443,0.3149
TCGA-EE-A20I-06,0.716,0.0071,1.0799,0.4921,0.503,1.3326,-0.5586,0.2336,0.3235,-1.2199,-0.0481,0.1934,0.9601,0.2176,-0.0979,0.9195,-2.2612,-1.6167,1.3786,0.5764,0.8758
TCGA-EE-A29A-06,0.098,0.4782,-0.7285,-0.1121,-0.9169,-2.1868,-1.0804,0.2741,-0.4138,-0.268,-1.5777,0.499,1.4889,-1.2921,1.4793,-0.7267,-0.3681,-1.6167,0.4944,0.5165,-0.9619
TCGA-EE-A29B-06,-0.6156,-0.059,0.06,1.4253,1.4012,1.8999,-0.6932,-1.6102,-1.5257,-1.2199,-1.2445,-0.9875,0.4338,-0.3786,-1.614,0.891,-0.0973,-1.6167,-0.9679,0.2584,1.9717
TCGA-EE-A29C-06,-1.4254,0.8762,0.6452,-0.3274,0.375,-1.2165,1.2616,1.3776,0.7761,-0.9163,-0.0638,0.9978,0.6294,0.1408,-0.1381,0.5186,-0.0272,-1.6167,0.5457,1.0995,0.0087
TCGA-EE-A29D-06,1.4362,-1.117,-0.7135,0.5659,0.3737,0.5148,-1.5443,1.5806,0.0084,-1.2199,-1.2233,-0.1399,0.9124,-0.8879,-0.1807,0.4182,-0.5642,-0.5886,1.066,-0.0374,-0.2765
TCGA-EE-A29E-06,-0.1749,-1.3408,1.7672,0.2712,0.6857,0.3412,-0.7589,0.8547,-1.2608,0.0626,-1.3367,-1.4067,0.3303,0.4863,0.2601,0.0909,-2.4437,-1.6167,0.3721,-0.6056,0.7403
TCGA-EE-A29G-06,0.0179,0.1281,-0.1785,0.5678,0.5645,0.6898,-0.6753,0.1466,0.5682,-1.0006,-0.4358,-0.4364,-0.9474,1.2444,0.443,-0.1449,0.2203,-1.6167,-0.2094,-0.8519,1.3675
TCGA-EE-A29H-06,-0.0636,-0.3492,0.9251,-0.5425,1.1323,1.2766,-0.646,-0.57,0.4189,-1.2199,0.7666,-1.0462,1.1805,0.702,0.2047,1.1288,-1.0807,-1.6167,0.1267,-0.3308,-0.412
TCGA-EE-A29L-06,-1.0485,-2.9994,-0.7148,-0.5375,-0.1355,-0.1052,-0.6739,-1.8827,-1.282,-1.2199,0.3945,-1.5233,-0.1134,0.2135,-2.2315,0.212,-3.2658,-0.3676,1.1841,-1.42,0.4156
TCGA-EE-A29M-06,-0.9395,-1.3153,0.0867,0.309,-0.1205,-0.2688,-0.3671,0.0355,-0.0384,-0.8621,1.3591,-1.5233,0.5518,0.1803,-1.175,0.9098,-1.0315,-0.8372,1.2228,-1.1971,-0.9578
TCGA-EE-A29N-06,1.1471,0.1408,0.521,0.263,0.8249,1.099,0.4422,0.0139,0.6707,-0.0585,0.923,-0.9837,1.2774,-1.0314,-1.9735,0.1824,-0.2458,0.3546,0.6839,-0.1346,-0.6715
TCGA-EE-A29P-06,0.7824,0.5363,0.8282,0.2039,0.7765,0.4433,-0.1071,-0.367,0.7089,-1.2199,-0.1255,0.0767,-1.1469,-0.7701,0.2657,-0.95,-0.414,-1.6167,-0.3041,-0.4695,0.327
TCGA-EE-A29Q-06,-0.6371,-0.8123,-0.7279,-0.3189,-1.8409,0.2094,-0.5647,-0.3261,0.0307,-0.6093,-0.2609,0.9385,-0.523,-0.2293,0.8085,-0.617,-2.1272,-1.1236,0.3792,-0.3931,-0.0856
TCGA-EE-A29R-06,0.7877,-0.0754,-0.7608,0.1268,-1.3986,-2.4581,0.4648,0.3287,-0.9452,0.6995,-0.3466,-0.8191,-0.6574,0.9522,1.2495,-0.3246,0.229,-0.872,-0.0765,2.0183,-0.1407
TCGA-EE-A29S-06,-0.5152,0.397,0.4308,0.6722,0.919,-0.1697,-0.4916,0.064,0.5507,-1.0379,-0.9712,1.8691,1.0309,1.1045,0.2221,-1.3258,-0.3477,-1.6167,0.0071,0.8739,1.0313
TCGA-EE-A29T-06,-0.1356,0.5422,0.3099,1.3521,0.8325,0.3885,-0.5938,-1.1571,-0.535,0.1081,-0.1094,-1.3923,-0.6046,-1.8089,1.4881,-2.6075,-0.5325,-1.6167,0.9266,-1.116,-1.1611
TCGA-EE-A29V-06,-1.1062,-0.2451,0.9742,-0.9289,0.2639,0.7426,0.4572,1.908,-1.3745,-1.2199,-1.4433,-0.0592,1.5867,0.6813,-1.7428,0.394,-0.4502,-0.9464,-0.3326,0.0621,0.6513
TCGA-EE-A29W-06,-1.062,0.333,-2.3276,-1.853,-2.0478,-1.7149,-0.722,1.773,-0.4242,-0.5101,-1.2883,1.3298,-0.3557,0.0603,1.6153,0.5266,0.249,0.7577,0.7835,2.3694,-0.627
TCGA-EE-A29X-06,0.7391,0.6348,1.45,2.6018,0.999,0.9231,1.5526,0.2279,-0.0155,0.8765,1.3551,-0.6259,0.1656,0.2675,0.3561,0.1987,-0.0958,-1.6167,-0.1433,-0.8121,-0.3573
TCGA-EE-A2A0-06,0.6982,1.8624,-1.0174,0.4245,-1.399,0.7194,0.8375,1.4036,-0.9377,-1.2199,0.3354,1.8958,-0.081,-0.1462,0.1582,-2.7332,1.8418,-0.3766,0.7366,1.9499,-1.7473
TCGA-EE-A2A1-06,-0.5547,0.5815,0.5005,-0.1967,0.2105,0.4481,-0.6636,0.9516,0.3228,-1.2199,-0.4002,-1.3116,0.2206,1.2358,-0.5886,-0.762,0.7486,-0.0976,0.7092,0.593,0.314
TCGA-EE-A2A2-06,0.4996,-0.5176,-0.667,-0.7558,-0.9784,-0.0986,1.0489,1.6566,0.0306,0.4704,0.2764,-0.2493,1.6746,0.2245,0.0558,-0.3086,-0.2962,-0.4365,1.7295,-0.6416,-0.8672
TCGA-EE-A2A5-06,0.0402,0.198,-0.7226,-1.3148,-0.5794,-2.0134,-0.2397,1.3418,-0.2671,-1.2199,-0.767,0.0819,-0.9174,0.6716,1.2475,0.0259,-0.7973,-1.6167,-0.3103,1.7533,-0.6405
TCGA-EE-A2A6-06,-0.0276,-1.3187,0.8153,1.2113,0.591,0.8666,1.3574,-2.0026,-0.0067,0.942,0.5834,-1.2014,-0.7203,-0.5458,-0.2019,0.7893,0.1965,-1.6167,0.3328,-0.5418,-0.6408
TCGA-EE-A2GB-06,0.2707,-0.6154,0.5271,-0.2275,-0.2388,0.8959,-1.2218,0.1603,-0.194,-1.2199,-0.6429,-0.304,0.12,0.8809,-1.3039,0.5288,-0.0938,-1.0213,0.2934,-0.4947,-0.0313
TCGA-EE-A2GC-06,0.2773,0.8929,-1.5437,0.1414,-0.0771,-0.4262,-0.8893,0.0505,-0.2384,-1.2199,-0.0896,-0.9166,-0.1918,-0.8239,-0.0574,0.3417,0.4599,0.0873,0.3833,0.4503,-2.0009
TCGA-EE-A2GD-06,2.0448,1.3311,0.4281,1.4798,0.3024,0.3899,2.0002,1.2884,0.1143,1.184,0.4964,2.743,1.5305,-0.4673,1.1718,-0.4914,0.9642,-1.088,1.7143,1.853,1.2404
TCGA-EE-A2GE-06,1.6659,1.9036,0.1796,0.7553,0.1337,0.3995,0.115,0.8378,1.1766,-0.1466,0.6392,0.501,-0.7911,1.282,1.3951,-1.9535,1.591,-1.6167,0.3106,1.7,1.2079
TCGA-EE-A2GH-06,0.6151,1.6211,-0.5455,0.6353,-0.2714,0.9381,0.907,0.7787,0.7275,1.5877,1.0507,1.3182,-0.5533,0.8489,0.7187,0.0676,1.0516,-1.6167,-1.1232,1.0472,-1.3779
TCGA-EE-A2GI-06,-0.486,-0.0992,-0.0784,-1.0117,-0.3303,-0.2809,-0.9472,-0.5557,-0.0135,-1.2199,0.5219,-1.0322,-0.2526,-0.5488,0.1977,0.4082,-0.7131,-1.6167,-0.5022,-0.4777,1.1607
TCGA-EE-A2GJ-06,0.5788,-0.6828,0.238,0.4732,0.8244,0.0044,-0.0824,-1.1407,-1.1044,0.4258,-1.4213,-1.5233,0.7931,0.3699,0.6091,-1.0035,-2.0908,-0.234,0.0186,-0.9547,0.507
TCGA-EE-A2GK-06,-2.5623,0.0788,-1.5098,-0.3937,-0.9319,1.3679,0.0629,-0.5921,1.2612,-0.6533,0.8284,-1.5233,-2.666,-1.0507,-1.1452,-1.9796,0.8144,0.0207,0.132,0.549,-1.1488
TCGA-EE-A2GL-06,1.1597,-0.9883,-0.8897,0.4386,-0.9457,0.5708,0.0494,-1.0815,0.1931,-0.6947,1.4188,-1.0595,0.0008,0.2635,0.6544,-0.9362,0.0261,-0.9482,-0.1723,0.2354,0.3359
TCGA-EE-A2GM-06,0.9104,-1.0321,-0.3526,-0.6985,-0.852,-0.5477,-0.913,-0.4126,-1.5048,-0.911,-1.3386,-1.1718,-0.0173,1.4567,0.6727,-0.2085,-0.3693,-0.954,1.5128,-0.7222,0.9339
TCGA-EE-A2GN-06,0.6139,-0.1474,-0.8828,-0.8779,0.1369,-0.298,0.1401,1.0195,0.6258,-0.8803,-0.8139,-0.0865,-0.2059,1.3089,0.3157,0.9419,0.6003,-1.6167,0.0654,0.2535,1.237
TCGA-EE-A2GO-06,1.2813,-0.0103,-0.7977,1.6609,-0.7097,-1.8358,0.8754,-0.9183,0.3215,0.8933,1.9356,0.2905,1.3173,-1.7086,1.8793,-0.3342,-0.5208,-1.6167,0.5189,0.838,-1.1613
TCGA-EE-A2GP-06,-0.0286,1.4326,-0.7588,0.0998,0.1278,-0.2752,0.6294,0.2984,0.1353,-0.3879,0.2219,0.7315,-0.8306,0.3533,1.0884,-0.4986,1.4353,-0.7393,0.084,0.9334,-0.166
TCGA-EE-A2GR-06,1.0136,-1.1109,-1.1552,-0.9368,-0.7919,-1.1692,-0.3249,-0.2732,-1.078,-0.0857,-0.8477,0.4014,0.7407,-0.1909,0.076,0.7449,-1.1265,-1.6167,1.5457,0.3636,-0.633
TCGA-EE-A2GS-06,0.0232,-0.588,-1.9287,-2.023,-0.8932,-0.7642,0.008,0.155,0.8826,-0.5924,-1.2378,0.3085,-0.9684,1.1774,1.6017,0.8046,0.3429,0.4673,0.0423,-0.6075,0.8639
TCGA-EE-A2GT-06,0.8086,-0.3572,1.0811,2.0547,0.834,0.347,-0.232,-0.7242,0.8547,-0.9468,0.7435,-1.5233,0.5618,1.732,-1.4872,-0.0056,-0.9124,-1.6167,-0.2932,-0.0466,-2.2439
TCGA-EE-A2GU-06,-0.0874,-1.2159,0.149,-0.1519,-0.6325,0.3431,-1.3851,-2.1054,-0.4031,-1.2199,-0.1592,-1.5233,-0.7066,-0.3156,-0.9537,-0.9822,-1.2237,-1.6167,2.205,-0.7014,-0.3146
TCGA-EE-A2M5-06,-1.337,4.3713,-1.031,-0.5744,-1.4864,-2.7009,3.49,-0.1975,1.0204,2.4727,0.7678,-1.0541,0.1618,-2.5904,0.9493,-0.4718,-1.1758,-1.6167,-0.3542,-0.0797,0.1196
TCGA-EE-A2M6-06,0.7777,-0.2576,-0.9127,0.0128,-0.6794,-0.4846,0.812,1.5861,1.0558,1.3954,2.9856,-1.4046,0.0023,0.7314,0.8711,-0.2491,-0.393,-1.6167,0.3754,0.9797,-1.4906
TCGA-EE-A2M7-06,0.3029,-1.7676,-1.5226,-1.3905,-1.7042,-1.0287,-1.0994,-0.2682,-0.1575,-0.6041,-1.1863,-1.5233,-1.6586,0.9345,1.5822,-0.5638,0.249,-1.6167,0.1105,0.9224,-0.6656
TCGA-EE-A2M8-06,-0.1534,0.9212,-0.1252,0.5977,0.6237,0.4871,-1.545,1.1685,-0.6046,-0.9998,-1.0876,-1.5233,-1.1563,0.4375,0.0732,-1.5915,0.0127,-0.1232,0.5015,0.525,-0.4305
TCGA-EE-A2MC-06,-0.9594,2.3259,-0.6482,0.6152,-0.4211,-0.1684,0.8777,0.1283,0.8815,0.5731,2.0689,-1.3663,1.6997,-1.6969,0.4162,-1.4811,1.0621,6.6988,0.1429,1.1753,-0.7549
TCGA-EE-A2MD-06,-0.3125,-0.5239,-0.2818,0.0092,0.3418,0.683,-1.5599,-0.4515,0.0845,-0.8972,0.0697,-0.7331,-0.5575,-2.3551,-0.274,-0.282,-1.0757,-1.6167,1.1023,0.4269,-1.5703
TCGA-EE-A2ME-06,-0.8369,0.9838,-0.7521,-0.0368,0.1734,1.0847,-1.3677,0.0573,1.1628,-0.7178,0.0147,-1.5233,-1.6299,-0.5216,0.0971,-0.1894,-0.0438,0.3219,0.0385,0.9959,-0.6615
TCGA-EE-A2MF-06,-0.6424,-0.8767,-0.8813,-1.4605,-0.3835,-1.0522,-1.4862,-1.2289,-1.4406,-1.2199,-0.5647,-1.5233,-0.0833,0.1956,0.2155,1.1164,-1.189,-1.6167,-0.0757,-1.1707,-1.1682
TCGA-EE-A2MG-06,-0.0793,0.8667,-0.384,-0.497,-0.3174,0.8335,-0.4504,-0.0809,0.7322,-1.0207,-0.2793,-1.285,-0.4912,0.0771,-1.028,-0.1099,0.1553,-1.6167,0.136,0.9956,-1.0801
TCGA-EE-A2MH-06,0.6229,-0.7286,0.0508,0.8974,-0.4757,1.0376,-0.3961,0.5146,-0.0072,-0.3223,1.3218,-1.3729,-1.3319,-0.5478,0.5958,-0.4174,-0.9931,-1.6167,0.0818,0.0843,0.4045
TCGA-EE-A2MI-06,1.534,0.12,-0.569,-0.7334,1.1754,-0.7958,-0.996,-0.8958,-0.2509,-0.5124,-0.84,-1.402,-1.1793,0.5607,0.2777,-0.0051,0.707,-1.6167,0.6487,-1.3768,-1.1089
TCGA-EE-A2MJ-06,-0.8897,-0.1058,0.3027,-0.3286,-0.3165,0.3464,-1.3588,-0.607,0.36,-1.2199,1.4883,-1.5233,-0.9579,-0.3312,-1.0568,-0.189,-0.5634,-0.0168,-0.3037,0.3497,-0.4409
TCGA-EE-A2MK-06,0.6105,0.2567,-0.5517,0.031,-0.1626,0.3199,-2.0381,-0.5784,0.1723,-0.9893,-1.5777,-1.5233,-0.7749,-1.0929,0.8247,-1.2427,0.1569,-0.0601,-0.7464,-0.295,0.119
TCGA-EE-A2ML-06,0.2819,-1.1904,1.1094,0.9923,-0.0925,-0.8179,-1.5917,-1.8017,-1.6535,-1.0279,-0.4224,-1.5233,0.7757,-0.5418,-0.8985,-1.6576,-1.1957,-1.6167,1.9351,-0.7537,-0.0139
TCGA-EE-A2MM-06,-0.6411,0.021,-1.5879,-1.4394,-1.0299,-0.8686,-0.8127,-2.1903,-1.4149,-1.2199,-1.5777,-1.5233,0.7301,-0.5084,-0.0753,-0.513,0.1665,-0.9202,-0.693,-1.0845,-1.8225
TCGA-EE-A2MN-06,-0.6697,-0.5711,-0.0189,-0.648,0.0937,0.3453,-1.5156,-1.3939,-0.7324,-1.2199,-1.0429,-1.5233,-0.9502,-2.2825,-0.4207,-0.0413,-1.6639,-0.8283,0.7305,0.6497,-0.1755
TCGA-EE-A2MP-06,-0.6015,0.2584,1.0835,0.383,0.6321,-0.1092,-0.7786,-0.8583,-0.6922,-1.2199,-0.6848,-0.7736,-0.5976,1.9529,0.6545,-0.5964,-0.9963,-1.6167,-0.6715,-0.8297,-0.2518
TCGA-EE-A2MQ-06,0.0512,0.3222,0.0873,0.9396,-0.0969,0.8945,0.5926,0.0816,-0.0074,0.1068,-0.453,0.6332,0.4232,-1.1459,0.83,-0.3755,-0.7794,-0.8297,0.705,0.4209,0.9738
TCGA-EE-A2MR-06,1.9564,0.3636,-0.9352,-0.9891,-0.7265,1.063,-0.2934,1.2127,1.7654,0.8669,0.5806,-1.3141,-0.1189,-0.8949,-0.2103,0.0011,-0.107,0.4051,0.6895,1.1306,-0.9362
TCGA-EE-A2MS-06,0.2656,-1.1423,-0.2583,-1.4281,-1.3209,0.085,0.0475,0.2658,-1.7414,-0.8438,-0.8509,-1.2698,-0.616,0.5535,0.6853,-0.6869,1.9292,4.8064,1.3486,0.7426,-1.9388
TCGA-EE-A2MT-06,-0.225,-0.715,-0.0801,1.0974,0.5087,0.2382,1.2373,-0.4454,-0.6272,-0.3634,0.3915,-0.5348,1.7623,-0.5718,-0.4284,0.5396,-1.0085,-1.6167,-0.1138,-1.217,-0.0196
TCGA-EE-A2MU-06,-0.5171,1.4874,1.5916,-0.1155,1.3917,1.1575,0.4546,1.0975,-0.071,-0.6254,-1.5777,1.5574,1.0592,-0.9613,-1.0953,0.7472,-0.0581,-1.6167,0.0887,0.8669,0.398
TCGA-EE-A3AA-06,-2.5261,-0.3505,0.1293,-1.4344,0.6674,-0.171,0.5708,-1.3412,1.5116,-0.2208,1.468,-0.8967,-0.985,-0.3662,0.6405,-0.19,-0.4232,-1.6167,1.0684,-0.244,0.4812
TCGA-EE-A3AB-06,-0.1465,0.2783,0.5919,0.7371,-0.5124,-0.0201,1.3897,-0.0442,0.9203,0.0119,0.2019,-0.488,0.3942,1.3843,1.9651,-0.8299,1.2206,-0.4467,0.1354,1.2893,1.385
TCGA-EE-A3AC-06,-1.1765,-0.4556,0.1436,-0.6868,-0.3127,0.2439,0.8399,0.6472,-0.4568,-1.0466,0.5913,-1.5233,-0.0182,-0.6516,0.7916,0.769,-1.4442,-0.4133,-0.0622,-0.0668,-1.1488
TCGA-EE-A3AD-06,0.4013,-1.5081,0.8872,0.5587,-0.2939,0.5207,0.5562,-1.2573,-1.0994,-0.027,-0.9627,-0.671,0.4713,-0.6715,-0.8263,-0.3285,-0.3518,-0.8994,0.9641,-1.6115,0.4841
TCGA-EE-A3AE-06,0.4497,-0.8553,0.6828,-1.3047,-1.3802,-0.1675,-1.5737,0.726,-1.31,-1.2199,-0.5405,-1.4069,0.3969,-1.0796,-0.3061,-0.0549,-0.4926,0.4077,2.6119,-0.4724,-1.4355
TCGA-EE-A3AF-06,-0.9779,0.7856,0.391,0.8886,1.7399,0.0397,0.098,1.7733,0.1033,-0.8259,-1.1676,0.5268,1.0945,-0.6844,-0.2676,1.0561,-0.8746,-1.6167,0.0137,-0.0122,0.0388
TCGA-EE-A3AG-06,0.6841,-0.046,0.3507,-0.302,-1.2716,-1.8339,-0.0866,-1.3368,0.8022,-0.6068,1.6526,1.2706,-1.0749,-0.1356,1.8741,-0.5466,1.0015,-0.9457,0.3321,0.5799,-1.2277
TCGA-EE-A3AH-06,0.8573,-1.3462,1.1152,-0.5017,-0.1055,0.1446,0.1759,-0.1318,-0.6347,-0.429,0.2354,-1.3989,-0.1688,2.6192,0.9574,0.552,1.0149,-0.9041,0.007,0.6207,1.2915
TCGA-EE-A3J3-06,0.2152,0.6623,-0.6819,-0.2605,-0.3405,0.6934,-0.4648,0.4272,1.3038,-0.3431,-0.6686,1.6297,-0.3899,0.3362,0.9026,-0.5783,0.9337,-0.8761,1.0321,1.2445,-0.2821
TCGA-EE-A3J4-06,0.4485,-0.0307,-0.5254,-0.7761,0.2726,0.2989,-0.4721,-0.7873,-0.5717,-1.0167,-0.0205,-0.508,0.4215,-0.3484,-0.2856,0.8118,-0.2097,-0.2264,-0.2826,-0.4396,1.1828
TCGA-EE-A3J5-06,-0.035,0.4091,0.4272,0.59,0.2337,-0.0483,-1.2209,-0.3102,0.078,-1.2199,0.2555,0.4177,0.2282,-0.3913,-0.5063,0.5611,-0.4593,-0.2326,0.6676,0.2876,0.429
TCGA-EE-A3J7-06,1.8251,-1.1864,0.1021,-0.898,-0.8314,-1.6324,-0.7509,-0.4364,-2.229,-1.2199,-0.1942,-1.2998,0.3032,0.7495,1.2024,0.2298,-0.7242,-0.3364,-0.4857,-1.1963,0.2528
TCGA-EE-A3J8-06,0.4374,-2.0382,-2.2068,-0.9159,-3.1119,-1.809,-0.5289,-3.2488,-3.1986,-0.7493,-1.5777,-0.1642,-0.3454,-1.0541,1.1443,-1.3942,-1.1728,1.2706,0.6967,-0.568,-1.719
TCGA-EE-A3JA-06,-1.2634,0.7186,-0.5277,-0.3279,-2.0679,-0.9176,-1.226,0.1241,-0.088,-1.2199,-1.5777,1.9758,-1.1826,-1.4299,0.447,-1.7444,-0.5632,-1.6167,0.5225,0.6244,-4.0848
TCGA-EE-A3JB-06,-0.1062,1.3493,-0.3056,-0.0767,-0.4341,-0.387,1.9144,0.6585,0.8194,0.1523,0.364,1.7486,-0.2471,0.2415,1.4567,-0.2768,0.7409,-1.6167,0.7804,0.8299,-0.127
TCGA-EE-A3JD-06,0.4044,0.0563,-0.733,-0.3583,-0.5099,0.5088,-0.8728,-1.398,0.1301,-0.41,1.0147,-1.5233,-1.9594,0.5323,0.6825,-0.8788,0.8064,-1.6167,0.4917,-0.3675,-1.6002
TCGA-EE-A3JE-06,1.0804,1.646,-0.6297,0.223,-0.9257,0.4397,0.6628,1.2185,1.2745,-1.2199,-1.5777,1.7308,-1.1381,-1.0065,0.545,-1.5847,1.4197,0.0873,-0.5316,0.9045,-0.6959
TCGA-EE-A3JH-06,-0.3878,1.0982,0.9739,1.4587,1.2008,1.3112,-0.3986,0.2916,1.4652,-0.7504,0.5817,-0.7844,0.171,-0.094,-1.0473,0.1335,1.7192,-1.6167,-0.3157,0.5202,0.2172
TCGA-EE-A3JI-06,-0.9544,-2.2752,-1.3624,-1.453,-0.4911,-0.1408,-2.0381,-2.5747,-1.4036,-0.9408,-1.5777,-1.4198,-2.1794,-1.1914,-2.003,-0.9611,-1.5367,-0.5389,0.4316,-2.6347,-1.5016
TCGA-ER-A193-06,-0.2764,0.6314,-0.1953,0.7624,0.6446,0.8621,-0.1438,0.4567,1.3078,-0.7675,0.1297,1.9699,0.2666,-1.0398,-1.22,0.8317,0.4621,-0.8996,-0.269,0.7796,0.0663
TCGA-ER-A195-06,-0.2043,0.9044,-1.3001,1.0294,-0.0696,0.0061,0.1217,0.8802,0.664,-0.8561,0.4561,1.1625,-0.4355,-0.4024,1.3181,-1.1096,0.3634,-0.8228,0.4435,1.6798,-0.9497
TCGA-ER-A197-06,-1.0876,0.6745,0.0213,0.3709,0.289,0.1277,0.4498,-0.5532,-0.2506,0.1819,0.7501,-0.2172,-0.5166,-0.0674,-0.303,-2.0673,1.208,-1.6167,-0.6589,0.3039,0.4729
TCGA-ER-A198-06,0.0351,-0.3922,-0.6543,1.4775,-0.3745,0.2998,-0.4523,-1.292,0.0614,-1.0488,0.1274,-1.1148,0.0368,-0.5667,0.1025,0.636,0.2236,-1.6167,0.7118,-0.6197,-0.2642
TCGA-ER-A199-06,0.7902,-0.296,0.6523,0.6823,0.1556,0.0585,-0.1321,-0.6303,-0.0046,-0.0067,1.1738,-1.0248,-0.8814,0.6704,0.2788,-0.0683,0.5795,0.1771,-0.4477,0.3673,-0.7424
TCGA-ER-A19A-06,-0.5352,1.8117,0.3302,1.3768,0.7515,0.6916,1.3992,1.6879,2.0623,1.3117,-0.5107,1.1865,1.0371,-0.1234,0.6587,-0.3047,2.3579,0.6997,0.8609,1.3804,0.4642
TCGA-ER-A19B-06,0.1419,-0.5715,0.6343,-0.0692,-0.7376,-0.2458,-0.0643,0.0491,0.1007,0.2088,0.7063,0.1689,-0.5412,0.4678,1.1236,0.5807,-0.4244,-1.6167,-0.0947,0.7588,-0.5811
TCGA-ER-A19C-06,-0.5792,0.4308,-0.3616,-0.3046,0.6064,-2.3357,-0.0754,0.823,0.8043,-0.6062,-0.0496,0.4056,0.4274,0.2783,0.1662,0.7852,-0.5217,-1.6167,2.4302,0.61,-0.4368
TCGA-ER-A19D-06,0.3174,0.634,-1.9782,-0.3684,-0.6203,-0.5936,0.0999,1.4714,1.4038,-0.276,-0.8471,-0.2206,-0.339,1.3792,1.4199,-1.0409,1.5121,1.0027,0.2377,1.7556,-1.1162
TCGA-ER-A19E-06,0.576,-0.0598,-1.2153,-1.1684,-0.2584,-1.6132,0.9884,0.5999,0.2196,0.1578,1.3058,-0.5039,-1.2481,1.0174,0.5366,0.3871,0.5995,-1.6167,-0.3021,1.9782,-0.9475
TCGA-ER-A19F-06,-0.3756,-0.4536,-0.1288,-0.4342,-0.6253,-0.4389,-0.2674,0.4786,-0.0899,-1.2199,-1.4008,0.9554,0.3902,-0.1225,0.4033,-0.3364,-0.7144,0.4575,0.4632,0.1435,0.2837
TCGA-ER-A19G-06,0.1072,0.103,-0.614,-0.0199,-0.097,-0.0319,0.1941,-1.3411,0.9515,-1.2199,2.9156,-1.1801,-0.9722,0.3746,0.1587,0.0496,-0.2382,-0.7898,1.3913,-0.754,0.0296
TCGA-ER-A19H-06,-0.3174,-0.7657,-1.0846,-0.4896,-0.8611,-1.6823,2.4495,0.9233,0.0517,-0.0754,0.5299,-0.8016,-0.3967,1.0936,1.2681,0.1002,0.063,0.3132,0.77,1.6519,0.7519
TCGA-ER-A19J-06,-0.4992,0.7179,0.1864,-1.1762,-0.4469,0.0144,-0.1457,-0.3348,0.417,0.0173,0.7179,0.9115,-0.2863,1.6014,-0.8154,0.2885,-0.4121,0.326,0.3966,1.4441,-0.4068
TCGA-ER-A19L-06,1.2693,-0.3798,-1.0337,-0.3467,-0.8581,-1.6509,0.9001,-0.8146,-1.4315,0.9578,-1.1088,-1.5233,0.0697,0.3252,1.0232,-1.2344,-0.9685,-0.5928,0.229,-0.6599,-1.2239
TCGA-ER-A19M-06,0.3197,1.0399,0.2315,0.8303,-0.3744,0.0327,1.1169,0.7552,0.491,-1.0011,1.2338,1.3433,0.4639,0.8314,0.643,-0.3974,0.7075,-1.6167,0.4986,0.8324,-1.11
TCGA-ER-A19N-06,-0.2935,1.671,-0.0889,1.5166,2.3348,0.7122,0.5277,0.4225,0.9884,-0.322,1.0325,-0.4515,0.0643,0.0059,1.0477,-0.0478,0.8036,-1.6167,0.0549,0.9229,-0.8263
TCGA-ER-A19O-06,-0.5348,2.2465,1.7077,3.5998,3.4097,1.7191,-0.2,0.7523,1.0893,-0.7163,0.0849,-1.5233,1.1917,0.3139,-1.1861,0.3868,1.8758,0.328,-1.6598,0.7451,1.2889
TCGA-ER-A19P-06,-1.4188,0.7184,-0.5572,-0.3853,0.1484,1.3037,-0.9093,-0.085,1.0494,-1.011,-0.3196,-1.5233,-1.197,0.052,-1.0671,-1.2824,0.244,2.4114,0.2858,0.6175,0.1121
TCGA-ER-A19Q-06,-0.779,1.0867,1.3686,1.9948,1.0893,1.5995,1.3381,0.2265,1.0167,-0.3547,0.3854,1.2433,1.1886,1.14,0.1421,-0.1785,-0.8606,-0.891,0.4784,0.5006,0.9465
TCGA-ER-A19S-06,0.7024,-0.0295,0.3568,0.6756,-0.1244,0.6243,-0.9135,-1.982,1.4457,-0.833,1.7945,-1.5233,-1.0928,-0.2795,1.1641,-0.4911,-0.0393,-0.1226,0.181,-1.7618,0.4259
TCGA-ER-A19T-06,0.5519,-1.0614,0.5824,-0.677,0.9832,-0.3249,-0.745,0.3979,-1.3151,0.1443,-1.5777,-1.0395,0.5396,0.1849,-0.1743,0.8234,-0.5288,-1.6167,0.1893,-0.1169,0.8075
TCGA-ER-A19W-06,-0.0019,0.1999,1.0599,0.6595,0.0681,0.6284,0.2987,0.2299,0.6946,-1.2199,0.394,-1.1491,-0.7964,0.316,0.1009,-0.0592,0.1632,-0.6975,0.7354,0.3499,-0.4305
TCGA-ER-A1A1-06,-1.8365,0.4335,-0.8257,-0.6784,0.2406,1.2306,-0.3154,-0.5546,1.3587,-0.8586,1.3429,-1.5233,-2.3978,-1.3701,-1.2944,-1.0061,0.6106,-1.6167,0.0547,0.6133,-1.0009
TCGA-ER-A2NC-06,1.7359,0.8366,-0.3607,-0.9231,0.3903,-0.0525,-0.1809,0.9058,-1.0134,0.0745,-1.4273,-1.3924,-0.0444,1.2223,0.2377,0.845,0.8408,-1.6167,0.0586,0.3689,-0.76
TCGA-ER-A2ND-06,1.3566,-1.0016,1.2533,-0.4998,-0.3636,0.2149,-1.5706,-1.2169,-0.4582,-1.2199,-0.7311,-0.6769,-1.2584,0.0121,-0.1152,-0.005,-0.2011,1.7863,-1.2537,-0.4076,0.3652
TCGA-ER-A2NE-06,-0.6955,-2.1309,-0.4676,-1.4885,0.1205,0.1461,-0.9392,-1.0312,-2.2149,-0.5115,-1.3276,-1.1578,0.5549,0.1467,0.5586,0.124,0.5373,-1.6167,0.6911,-1.229,-0.3373
TCGA-ER-A2NF-06,-1.9057,-1.7512,0.0411,-1.5691,-0.037,-0.999,-0.5873,-0.026,-0.8824,-1.2199,-1.4071,-1.5233,-0.0965,-0.0923,-1.531,0.0914,-2.2953,-1.6167,0.9251,-0.206,-2.0104
TCGA-ER-A2NG-06,0.0754,1.1146,0.2458,0.5076,1.6971,0.7358,1.7299,-0.0247,0.2967,-0.6001,0.2754,1.5809,1.6213,-0.2686,-0.2882,0.5488,-0.9784,-1.6167,0.3036,-0.026,0.957
TCGA-ER-A2NH-06,-0.1089,0.4186,0.4408,0.5557,0.0324,0.8294,-0.133,-0.6119,-0.0431,-0.325,-0.4732,-0.6287,-0.9817,1.8279,0.9757,0.0571,-0.0969,-1.6167,-0.0041,0.9676,0.499
TCGA-ER-A3ES-06,-2.1121,-1.487,-1.7573,-2.3483,-2.1028,-1.2912,-2.0381,-1.7456,-3.353,-1.2199,-1.5777,-1.5233,-1.1015,-0.7249,-0.1501,-0.6177,0.2045,1.1256,-0.1142,-0.7058,-2.0954
TCGA-ER-A3ET-06,0.2845,1.0399,-0.6346,0.9009,-0.1972,-0.0842,0.4538,0.0624,-0.3924,0.3684,-0.1881,1.1351,0.4604,-0.9522,0.0245,0.3039,0.1173,0.8237,-0.0511,0.2617,-0.5831
TCGA-ER-A3EV-06,-0.7885,-0.2014,0.1327,0.3209,-0.7553,1.4541,-0.3941,-0.0152,-0.3728,-0.0377,1.1588,-1.5233,-0.6134,0.6224,-1.0578,-0.9253,-0.7853,-1.6167,-1.2806,1.0008,0.2787
TCGA-ER-A3PL-06,2.56,0.5092,0.2295,0.0141,-1.1444,-0.0592,-0.0434,-0.1383,0.4383,0.1704,-1.3853,1.1854,0.2613,0.4487,-0.8165,-1.4228,1.2955,-0.6572,0.9047,0.4157,-0.9653
TCGA-ER-A42K-06,1.473,-0.4971,0.6965,-1.1141,-0.5337,-0.3192,0.7001,0.5706,-1.4329,0.9943,-0.5429,-1.5233,-2.0388,1.0965,1.619,-0.0701,-0.789,0.47,0.8643,1.916,0.0893
TCGA-ER-A42L-06,-0.1938,-0.134,0.3284,0.1739,0.113,0.8231,-0.7837,-0.244,-0.776,-1.0247,1.147,-1.5233,-0.409,0.3477,0.4483,-0.1919,0.2774,-1.6167,-0.0876,-0.2947,-1.3893
TCGA-FR-A3YN-06,-0.6781,-0.6228,0.9223,-0.0791,-0.0031,0.2938,-1.369,-0.8778,-1.0367,-0.7871,-1.5777,-1.5233,0.3694,-1.8783,-1.8128,0.0482,-1.5837,-1.6167,-0.1872,-1.0354,-0.3073
TCGA-FR-A3YO-06,0.155,0.7912,1.7383,3.863,3.969,1.3694,0.8841,1.083,0.9196,1.5333,0.3443,-1.0966,3.4764,-0.0165,-1.5115,0.913,1.1131,-1.6167,-1.6778,-0.3666,2.2074
TCGA-FR-A44A-06,-0.5395,0.6821,0.3016,1.3723,0.6304,1.4533,-0.8933,-0.0993,1.2225,-1.2199,0.5029,-1.5233,-0.1104,-0.2894,-0.9181,-0.4321,-0.0838,-0.8908,0.4959,0.0286,-0.9352
TCGA-FR-A69P-06,0.7306,0.6582,-1.2456,-1.3185,-1.5377,-1.8236,-0.3655,1.0663,-0.5099,-1.2199,1.9937,-0.0349,0.0495,1.5639,0.6338,-1.418,1.1186,-0.6367,0.7947,0.799,-0.9011
TCGA-FR-A729-06,-0.1398,-0.1704,-0.0084,-0.1654,-0.556,0.2359,0.446,1.1788,0.2758,1.0855,1.777,-1.0023,-0.7976,1.6061,1.034,0.6014,0.7885,0.5315,0.1188,0.1305,-0.8705
TCGA-FR-A7U8-06,1.5509,-0.4764,-1.1299,-0.6709,0.0509,-0.6466,0.1946,-0.5479,1.1665,-0.9418,1.8052,-0.4797,-0.5922,0.9256,0.155,0.4486,0.1904,-1.6167,1.2917,-0.0574,0.4363
TCGA-FR-A7U9-06,-0.261,4.3889,-0.3242,0.2091,-0.2429,0.134,0.6735,1.5412,1.2262,1.213,0.9608,2.1952,1.2838,-1.6216,-0.5589,0.1864,1.2054,0.1909,-0.8846,2.1506,0.2645
TCGA-FR-A7UA-06,-0.1943,0.8279,-0.0779,1.2019,0.8022,1.3972,-1.5942,-0.7365,1.7258,-0.7211,1.301,-1.5233,-0.8299,-1.9299,-1.4129,-1.1822,2.2464,1.4155,-0.2364,0.2566,-0.9148
TCGA-FR-A8YC-06,-0.6991,-1.9835,-1.1298,-0.9656,-0.6824,-1.2099,-0.2079,-2.5527,-1.8008,-0.5264,-0.3665,-1.5233,-0.7877,0.0006,-0.3549,-0.0957,-0.0369,1.5719,-0.4225,-0.8261,1.2946
TCGA-FR-A8YD-06,0.8539,-0.8636,0.4674,-0.4279,0.8673,1.2043,0.0875,1.9406,0.7909,0.2706,-0.0306,-1.1607,0.5665,1.4591,-1.4006,0.8476,-0.196,-1.6167,-0.974,1.4809,1.1537
TCGA-FR-A8YE-06,-1.5095,0.5044,-0.1825,-0.2826,-0.6251,-0.0972,-0.6826,-0.5727,0.8703,-0.0037,0.161,-1.5233,-0.461,-0.7244,1.3741,-1.1506,0.507,1.9515,0.3513,0.476,-0.9834
TCGA-FS-A1YW-06,-1.1863,-0.9933,-1.5978,-1.2551,0.0231,-0.736,-0.596,-0.4359,-0.9473,-1.0238,-0.996,-0.8836,-1.0503,-0.0837,-0.5673,-2.2169,-1.3004,0.6194,0.595,-0.4386,-0.1495
TCGA-FS-A1YX-06,0.972,0.1536,-0.4321,0.012,0.1779,-0.9536,0.8136,0.2898,-0.1006,1.4276,0.283,-0.1037,-0.65,-0.1557,0.7181,0.0213,-0.3245,-1.6167,0.0437,0.4987,0.4244
TCGA-FS-A1YY-06,-0.9775,0.9253,0.2869,0.1881,1.9164,0.9356,0.4432,1.3939,0.0806,-0.4505,-1.3567,2.201,0.0922,1.3497,0.0537,1.1401,0.0031,-1.6167,0.0821,1.2439,0.1861
TCGA-FS-A1Z0-06,-1.1615,-0.26,-1.4688,-0.5881,-0.6057,-0.6478,-0.785,-0.1876,0.6585,-1.0168,1.2325,1.1878,-1.4933,0.5481,1.2834,-0.1311,-0.8902,-0.8323,-0.2224,0.7177,-0.862
TCGA-FS-A1Z3-06,0.7886,-0.3088,-1.5202,-1.6834,-1.3292,0.0008,-1.1194,-0.8476,-0.7644,-1.2199,-1.0506,0.0693,-0.3864,0.8522,1.0717,-0.1194,-0.4619,0.0102,0.8457,0.6077,0.2846
TCGA-FS-A1Z4-06,-1.4028,-0.1573,-1.9506,-1.2563,-0.9278,0.3032,0.2217,0.5054,0.7491,0.0353,1.3401,-0.894,-1.6069,-1.8663,0.5918,0.0593,-0.2339,-0.4079,0.0318,1.3903,0.2059
TCGA-FS-A1Z7-06,1.4126,1.2385,0.5948,0.1017,0.5948,0.1817,-0.2295,1.0094,1.7379,0.1062,1.8884,-1.1215,-0.4919,1.6341,0.1344,0.8874,1.5253,-0.2242,0.6989,1.0131,0.498
TCGA-FS-A1ZA-06,0.0526,-0.345,0.7576,1.1303,-0.2906,-0.6359,-0.0822,-1.0618,0.1963,-0.6763,1.1446,-0.4819,0.2522,-1.9345,0.8528,-3.9572,-0.621,-0.9184,1.5783,2.212,-0.1347
TCGA-FS-A1ZB-06,-0.3875,0.6577,0.325,1.7508,0.8712,0.9778,1.1872,1.0622,-0.1005,-0.6624,-0.7478,1.0119,0.4452,0.4236,-0.4563,0.4901,1.4462,-1.6167,0.0516,1.0504,1.4555
TCGA-FS-A1ZC-06,0.2685,0.112,-2.3875,-1.8967,-1.9879,-1.7156,2.1359,-0.3048,1.6968,-0.6742,1.6428,0.8339,-2.0579,1.2123,1.2904,-0.5859,0.7107,-1.6167,0.6183,2.4653,-0.2429
TCGA-FS-A1ZD-06,2.1932,0.5879,-2.7136,-1.611,-1.5263,-1.9455,0.3779,1.7326,1.9604,-1.0175,0.1805,1.0092,0.011,1.9196,1.3284,1.2433,1.0728,1.0342,0.8343,2.2673,-0.9605
TCGA-FS-A1ZE-06,1.147,-0.7321,-0.1798,-0.159,0.3923,-0.126,-0.8904,-0.4176,-0.6894,-1.0206,-0.9892,0.3694,-0.7175,0.363,0.5284,0.8496,-0.7728,0.2366,1.4855,-0.2013,-0.8221
TCGA-FS-A1ZF-06,-0.3775,0.4892,-1.0194,-1.5817,-1.819,-1.0444,-0.3003,0.8024,1.3718,-0.5649,-1.2209,0.4286,0.48,0.6693,0.0458,-0.0798,0.1472,-0.3091,-1.0168,0.7638,0.9717
TCGA-FS-A1ZG-06,-0.7755,-1.4872,0.9179,1.798,0.3306,0.4446,-1.3314,-0.3988,-1.1873,-1.2199,-0.2663,-1.5233,-0.4167,0.5403,-1.5605,1.7664,-0.4985,-0.4553,0.8607,-1.0929,0.0256
TCGA-FS-A1ZH-06,0.3798,0.9823,-0.7484,0.2258,-1.2668,-0.2862,1.512,0.7139,1.0939,0.7664,-0.0035,2.2541,-0.2124,1.6211,1.3954,-0.2652,1.1219,-0.3086,0.4195,1.8372,-0.7379
TCGA-FS-A1ZJ-06,0.762,-1.1617,0.2491,-1.2023,-0.7327,-0.5243,-1.8053,0.3185,-2.554,-1.2199,-1.2152,-1.5233,-0.0455,0.4122,-1.4191,-0.9156,-0.4498,0.5963,0.3848,-0.7849,-0.1611
TCGA-FS-A1ZK-06,1.2728,-0.8515,-0.6368,0.0311,-0.1281,-0.4962,-0.2707,-1.0501,0.1643,-1.2199,-1.3318,0.9653,-1.1879,0.6395,0.1844,0.0353,-1.6898,-0.9334,1.4172,0.2566,0.3935
TCGA-FS-A1ZM-06,1.7255,1.1301,-0.1867,1.0152,-0.2624,-0.1787,-0.0878,0.2263,0.7868,1.027,0.5144,1.7084,-0.0546,0.0599,1.318,-0.2375,0.5825,-0.8682,-0.7527,0.745,0.0236
TCGA-FS-A1ZP-06,-0.7205,-0.0425,-0.637,-0.5547,-0.512,0.0668,-1.0338,1.0963,-0.721,-1.2199,-0.266,-1.169,-0.7241,-0.1205,-0.8223,-0.4488,-0.7496,-1.6167,0.1967,1.0169,-0.4538
TCGA-FS-A1ZQ-06,0.1599,0.0893,1.125,0.6572,1.1536,0.2627,-0.2566,0.7737,-0.497,-0.6204,1.2513,-1.5233,1.0202,0.1223,-0.5583,-0.4297,-0.9581,-1.6167,-0.037,-0.7897,1.3365
TCGA-FS-A1ZR-06,0.7968,-0.8322,-0.5317,-0.109,-0.1629,-0.4823,-0.4183,0.8017,-0.2332,-0.1961,-1.1722,-0.2492,-0.9955,1.2985,1.1495,0.9933,0.0624,0.0261,-0.4974,0.1391,0.1784
TCGA-FS-A1ZS-06,-0.0463,2.2951,-0.8272,1.5716,-0.6951,-1.9294,1.4693,1.4776,1.4901,4.0969,1.9991,0.7123,2.6046,-2.6935,2.02,-0.266,0.098,-0.2019,0.8122,1.6403,-0.7708
TCGA-FS-A1ZT-06,-0.0395,-0.2947,-2.1899,-0.9923,-1.0657,-0.8105,-0.6509,-0.401,0.004,-1.2199,1.7886,-1.3857,-1.0492,1.0324,1.0029,-0.5429,-0.6308,-0.2211,0.7669,1.0597,-1.5906
TCGA-FS-A1ZU-06,1.382,-0.0926,-1.3593,-1.0204,-0.782,-0.9668,0.0583,-0.8493,-0.1815,-0.0497,0.4468,-1.2475,-1.4864,-0.0085,1.3231,1.2794,-1.7892,-0.7111,1.291,0.2991,-0.4438
TCGA-FS-A1ZW-06,-0.5934,0.4358,-0.6642,-0.1131,-2.5557,-0.3723,-0.5385,-0.7941,-0.5626,-0.9202,1.092,-1.3213,-1.1928,-0.5241,0.9931,-2.738,1.009,-1.6167,0.6218,-0.3625,-2.5689
TCGA-FS-A1ZY-06,0.4909,-1.0299,-0.8818,-1.5248,-1.1297,-0.2881,-0.3464,-0.1202,-2.0049,-1.2199,-1.5777,-1.5233,-0.2084,1.3682,1.0597,1.5981,-0.3599,-1.6167,-0.3109,-0.3933,1.0167
TCGA-FS-A1ZZ-06,-0.7363,-1.7492,-0.3571,-1.7594,-0.2479,-0.5764,-0.6458,0.8994,-2.0511,-0.4352,-0.7504,-0.579,-0.1282,0.6888,-0.7686,-1.802,-2.2931,-1.6167,-0.289,0.7354,0.7527
TCGA-FS-A4F0-06,0.1378,-2.1704,-0.6906,-1.1273,-0.5015,1.181,-0.9085,-1.7983,-2.3805,-1.0423,-1.331,-1.5233,1.0769,0.3163,-1.35,0.2471,-0.1562,-0.9311,1.1521,-2.9025,0.2476
TCGA-FS-A4F4-06,0.2514,1.0248,0.7631,-0.0092,1.3511,0.1435,0.6837,0.8974,1.4205,-0.622,-1.5777,1.7464,0.2386,-0.3244,-0.6529,1.4775,0.6606,-1.6167,-0.4241,0.9734,0.8513
TCGA-FS-A4F5-06,1.9871,-0.4211,0.6525,-0.458,-0.4202,-0.4231,0.0494,-0.1877,0.5129,-0.8589,-1.5777,0.7793,0.3024,-0.196,0.8846,0.0609,-0.4282,-0.2226,-0.8538,-0.2273,-0.4931
TCGA-FS-A4F8-06,0.214,0.248,-1.1849,1.2637,-1.1022,0.5349,0.1337,0.7459,0.6464,-0.6517,0.7916,-1.3582,-0.6733,-0.0752,0.5196,-0.3857,0.6751,2.0651,-0.4726,0.4987,-0.4127
TCGA-FS-A4F9-06,-0.6726,-0.9533,-0.9685,0.2666,-0.8829,0.7572,-1.3837,-1.6421,-0.8695,-0.6915,-0.5576,-1.3723,0.1634,0.4305,-0.3025,-2.3061,0.0082,-0.0996,-0.0289,-2.0434,-0.0629
TCGA-FS-A4FB-06,0.1359,-0.5099,-0.1044,-0.4496,-0.3234,-0.8288,-0.152,1.5353,-0.4237,-0.1005,-0.9851,-1.0743,-0.1672,2.2122,0.9516,0.8142,-0.3854,-0.7077,-0.2056,0.6055,0.4853
TCGA-FS-A4FC-06,2.5831,0.0837,0.7829,0.8501,0.973,-1.5287,0.7722,0.3753,0.1302,-0.6244,-0.7064,0.8158,1.1455,-0.3994,0.7453,0.2153,0.183,-0.2261,0.1737,-0.1076,-0.1295
TCGA-FS-A4FD-06,-2.3497,0.0103,-0.9267,-1.72,-1.101,-1.2968,-0.7646,0.452,0.4935,-1.2199,0.0182,0.7298,-1.7976,0.5734,1.4153,0.7814,-0.1801,0.5199,0.2225,0.6355,0.4609
TCGA-FW-A3I3-06,1.4396,-0.6032,-1.3487,-1.3799,-2.061,-0.3853,-0.5751,-0.2231,-1.3466,1.0527,-0.1761,0.3664,-0.1046,-0.6829,0.2908,0.2028,-0.4016,1.4261,0.7389,-0.4114,-0.9255
TCGA-FW-A3R5-06,-0.4922,0.4544,-1.0536,-0.5526,0.071,0.4295,1.0344,1.0906,-0.1723,0.3754,-0.833,1.0226,0.8075,-0.1675,0.0231,0.4751,-0.1929,0.6573,1.0593,0.4404,-0.7015
TCGA-FW-A3TU-06,0.1915,-0.1608,1.6687,0.453,2.5391,0.7167,-0.421,2.0696,0.6665,-1.2199,1.5212,-1.5233,0.6431,-0.4665,-2.1074,-0.5839,1.4352,-1.6167,-2.3771,-0.4193,1.8068
TCGA-FW-A3TV-06,0.6553,-0.4482,0.1932,0.595,0.3507,-0.3642,-0.8058,-0.5712,-0.3225,-1.0539,0.8783,-1.4114,-0.6229,0.188,-1.0522,0.3832,-0.4937,-1.6167,0.9755,-0.0184,-0.3538
TCGA-FW-A5DY-06,-0.3696,-0.8839,0.67,-0.8961,-1.0849,0.8321,0.4702,-1.046,0.6364,-0.7695,0.5697,-1.2198,0.6053,0.2748,0.8262,0.3741,0.0467,0.6948,-0.0889,-0.2107,1.445
TCGA-GF-A3OT-06,-1.2205,4.253,-0.9435,0.918,-0.7665,0.0724,3.0556,1.0117,0.8201,3.7348,1.0721,0.2266,3.5066,-2.1478,1.5532,-0.8493,2.3583,-1.6167,0.366,1.9895,-2.3074
TCGA-GF-A4EO-06,0.5025,0.7697,0.8401,0.706,0.1232,1.2462,0.7172,-0.9651,1.4991,0.1241,1.2603,-1.5233,-0.6944,-1.3608,0.7027,-1.809,0.8677,-0.4545,0.453,-1.4509,-1.1912
TCGA-GF-A6C8-06,0.9115,-0.4584,-0.354,-0.8343,-0.1272,-0.9138,0.0032,-0.7948,0.0544,0.644,0.1024,-0.571,-1.1542,0.3926,0.7998,0.8881,-0.6843,-0.7253,-0.0465,1.1435,1.2374
TCGA-GF-A6C9-06,-0.1491,1.1639,0.2314,0.9201,1.1613,0.8857,1.5654,0.0714,3.2312,0.8314,0.894,2.0137,1.091,-0.3068,-0.1133,0.0153,2.5885,-1.6167,0.0735,0.0383,-0.4907
TCGA-GN-A262-06,-0.0088,-2.8021,-1.6691,-2.4109,-1.8247,-0.7038,-1.8889,0.8041,-1.3868,-0.9992,-1.5777,-1.5233,0.0938,0.7288,0.1318,1.0676,0.621,-0.7645,-0.8601,0.2712,1.2567
TCGA-GN-A264-06,1.555,0.4787,-0.2743,-0.6068,0.2013,0.0594,-1.0711,0.2891,-0.4699,-1.2199,-0.3188,0.6557,0.0715,-1.0364,0.5386,-0.2817,0.616,-0.9387,0.9004,0.7133,-0.1044
TCGA-GN-A265-06,-0.4199,2.4728,0.6135,0.2295,0.0319,1.2433,2.0214,1.5404,1.0506,-0.8474,0.2753,1.5105,1.2422,0.2994,0.7918,-0.499,1.876,-1.6167,0.2298,1.6355,0.4546
TCGA-GN-A266-06,1.1226,1.8692,-0.7266,0.1972,0.3565,0.0977,1.5247,0.9159,1.3167,0.1602,1.5707,0.1249,0.0391,2.787,0.1981,0.2257,0.5106,-0.844,0.2138,1.1606,-0.8951
TCGA-GN-A267-06,1.165,0.0767,-0.2094,-0.2319,-0.9076,-0.6504,-1.0106,-0.5814,-0.1186,-0.8872,-1.1471,0.1054,-0.7567,-0.264,-0.6051,0.7629,-0.0564,0.5311,-0.7504,-0.2769,0.9054
TCGA-GN-A268-06,1.075,-1.2332,0.4014,1.0526,0.101,0.1698,-0.1577,-2.6396,-1.9593,-0.8829,-0.7788,-1.5233,-0.9247,-0.481,-0.0902,0.0081,-1.4022,-1.6167,0.4683,-1.5937,0.0094
TCGA-GN-A26A-06,-0.2877,1.1365,1.0075,0.9004,-0.133,0.2877,1.2665,0.4866,1.8141,-0.7562,2.2879,1.0011,0.7889,0.2323,1.2219,-1.0663,1.091,-1.6167,0.9211,0.7913,1.0871
TCGA-GN-A26D-06,0.6918,-0.6662,0.7625,0.2095,0.7275,-0.9279,-0.6207,-0.2306,-0.1297,-0.5918,0.5569,-1.0475,-0.1129,-0.0573,0.7925,-0.9158,-0.6976,-0.9237,2.345,-0.8309,0.0072
TCGA-GN-A4U3-06,0.3144,-1.3247,-0.6434,1.2835,-1.0485,0.8821,-0.3658,-2.7043,-0.5936,-0.8116,-1.5777,-1.2481,0.7751,-0.3863,-1.1224,-0.0395,-0.9353,-0.0403,0.2155,-2.3263,-1.0461
TCGA-GN-A4U4-06,0.569,-1.9607,-1.1744,-0.8888,-1.2685,-0.7202,-1.1812,-2.061,-1.3565,-1.2199,-0.9712,-1.5233,-0.2415,0.7301,0.2577,0.4836,-1.0265,-1.6167,-0.0155,-0.0984,-0.331
TCGA-GN-A4U7-06,-0.1638,-0.6999,0.4198,0.4078,-1.0216,0.3613,-0.0969,-0.9377,-0.2206,-0.7374,0.3347,-0.5232,0.1251,-0.1309,-0.6291,-0.8794,-0.129,-0.5255,-0.4749,-0.8833,0.2643
TCGA-GN-A4U8-06,0.0529,-0.5537,-0.8778,0.0794,-1.0372,0.6589,-0.5282,-0.1087,0.5938,-0.5591,1.6253,-1.5233,-0.7004,0.0603,-0.0242,0.7231,0.6453,-1.6167,-0.4262,-1.0374,-0.1298
TCGA-GN-A4U9-06,0.1365,-0.7583,-1.9032,-1.7719,-1.573,-1.0249,0.2142,0.4702,-0.0927,0.437,0.5063,1.1836,-1.78,-2.7632,-0.0225,-3.6825,0.7081,-1.6167,-1.5632,-2.177,-0.3016
TCGA-GN-A8LK-06,-0.833,-2.17,0.764,0.6176,1.2325,0.7279,-1.6209,0.9774,-2.065,-1.2199,-1.0038,-1.5233,-0.5431,-0.126,-1.3913,1.3813,-3.0871,-0.5682,-0.3772,-0.7083,0.635
TCGA-GN-A8LL-06,-0.6635,-0.1061,0.6814,-0.1003,-0.4787,-1.1568,-2.0381,-0.6482,0.0417,-1.2199,-1.2716,-0.9652,-0.8149,-0.2376,-2.4718,0.0209,1.2123,-1.6167,-2.6695,-0.4226,2.6342
TCGA-GN-A9SD-06,0.3059,-0.1712,-0.3166,-0.3879,-1.1125,0.5085,0.3744,-0.5388,0.4519,1.3677,0.3181,-1.2461,-0.4481,-0.2862,0.4851,-0.8308,0.6837,0.9594,-0.3374,0.0848,0.6854
TCGA-HR-A2OG-06,0.167,1.8414,-0.2211,0.915,-0.504,-0.08,1.3271,1.0497,1.4796,1.9941,0.9255,1.9637,0.8057,0.102,1.0868,-0.0198,1.2291,0.2718,0.6677,1.2445,-0.3426
TCGA-HR-A2OH-06,0.3273,0.0181,0.1715,0.8605,0.2044,1.0316,-1.5335,-1.4425,0.9717,-0.9926,0.8649,-1.5233,-0.122,0.7394,0.6309,-0.2301,-0.0106,-1.6167,0.1999,-0.8195,0.5205
TCGA-LH-A9QB-06,0.9208,-0.7785,0.107,-1.0747,-0.876,-1.8792,-1.5164,0.0041,-1.2729,-0.9818,-1.2566,-1.149,-0.9112,-1.0212,0.9738,-1.0318,-1.1486,-1.6167,-0.0687,0.0786,-1.0119
TCGA-OD-A75X-06,0.127,-0.937,-1.2605,-1.2372,-0.5877,-0.312,0.4881,-0.085,-0.3731,0.9744,0.8259,-0.3715,-0.2621,0.1112,0.6656,0.2074,-0.7625,0.1421,-0.3958,-1.1703,-1.3189
TCGA-QB-A6FS-06,-1.1948,0.6069,1.9562,0.235,2.1221,0.6888,-0.6556,-0.0763,0.5895,-1.2199,-0.7806,-1.3121,1.1067,0.1347,-1.1544,1.0231,-0.8921,-1.6167,-2.4969,0.1483,1.6194
TCGA-QB-AA9O-06,0.0919,-0.3404,-0.4062,-0.591,-0.7783,0.0467,0.2666,0.445,0.7044,-0.8162,1.0736,0.0996,0.6376,0.2422,0.6531,-0.4048,0.8769,-1.6167,-2.0388,-1.1117,-0.8792
TCGA-RP-A690-06,-0.8084,-1.9805,-1.4595,-0.4583,0.4154,-0.4153,-1.8512,-1.2508,-2.8761,-0.7466,-1.5777,-1.5233,-0.627,-1.3607,-2.4718,0.0741,0.8233,0.211,-0.2113,-1.8148,-2.1287
TCGA-RP-A693-06,2.5349,-0.5274,-0.2113,0.1995,0.5679,-0.0205,-0.0967,-0.4084,1.1281,0.4083,-0.4544,0.0836,0.326,-0.0541,-0.8529,1.2822,-0.613,1.642,0.207,-0.6925,0.5462
TCGA-RP-A694-06,1.1235,-0.3535,-0.6169,-0.4181,-0.3925,-0.664,-0.3941,-0.3349,-1.7573,-1.0045,-1.0217,-1.5233,-1.7187,0.3981,-0.2204,-0.7709,-0.4092,-1.6167,-0.3313,0.2856,0.2789
TCGA-RP-A695-06,0.1407,-1.0532,0.5875,1.0266,1.1509,1.5018,-1.0069,1.9467,-0.9112,-0.6502,-0.8986,-1.5233,0.5221,1.0251,-1.363,0.2325,-1.7024,-1.6167,0.3257,-1.1048,1.3584
TCGA-RP-A6K9-06,-1.4101,-1.1499,0.0715,-0.7196,0.4787,0.1482,-1.66,-0.6623,-0.7642,-0.9796,-0.6594,0.3339,-0.7514,-0.6189,-0.9116,0.5662,-0.093,-0.689,1.2776,0.9893,-0.1549
TCGA-W3-A824-06,0.8188,-0.6713,0.0374,0.7152,0.3348,-0.7209,-0.6837,-1.0737,0.0715,-0.9433,0.0896,-0.8835,0.4369,-0.7022,-0.7441,0.9203,0.0135,0.2116,-0.0359,-1.6967,-0.2026
TCGA-W3-A825-06,1.497,0.8568,-1.0865,-0.2054,-0.4042,-0.3318,1.7505,1.3282,1.2856,1.3494,2.1029,0.8261,-1.4102,1.2081,0.8036,-0.4858,0.964,1.1051,0.403,0.9861,-1.733
TCGA-W3-A828-06,-1.5503,1.2253,-1.0442,-0.9515,-0.529,0.1937,0.9751,1.8833,-0.362,1.3846,-0.3374,1.4396,1.1361,-0.7331,0.7362,-0.4462,1.3756,0.7737,-0.6345,2.5545,-1.7321
TCGA-W3-AA1O-06,-1.0012,0.1068,0.8405,-0.758,0.1902,1.7793,0.0091,-0.4739,0.6467,-0.7189,-0.032,0.5683,1.6741,-0.5256,-0.8797,-0.0214,-0.4543,-1.6167,0.8673,0.007,-1.9081
TCGA-W3-AA1Q-06,-0.2464,-0.9221,0.8726,-0.7456,0.8236,-1.5555,-1.172,-0.888,-0.6274,-0.9217,-0.9628,-1.5233,-0.162,0.9609,0.4904,-0.2209,-1.4241,0.3362,-0.0017,0.33,0.558
TCGA-W3-AA1R-06,-1.4557,-0.9166,0.9072,-1.087,0.4476,-0.1278,-0.9527,-1.6436,-0.7154,-0.849,-0.8581,-1.3817,1.5496,-2.9844,-1.2969,-0.486,-0.078,-1.6167,0.0311,-2.0712,-0.3878
TCGA-W3-AA1V-06,-2.485,3.7272,-0.1561,-0.2721,-0.0924,-1.0745,-0.7793,2.1069,0.0319,-1.2199,-0.2237,0.3963,0.9836,-2.4276,-1.4745,-0.956,1.8399,-0.7684,-0.4008,2.053,-1.0203
TCGA-W3-AA1W-06,0.0139,0.3202,-0.0269,0.4744,-0.0751,0.8271,-1.5789,-2.0875,1.0698,-1.2199,1.4473,-1.5233,-0.2161,-0.9136,-1.6706,-1.0605,0.5131,0.0057,0.4924,-1.0448,0.2446
TCGA-W3-AA21-06,0.0901,-0.9894,2.2935,0.259,-1.0258,0.2573,-0.9963,0.5232,-1.1255,-0.7272,-0.8928,-1.5233,-0.1355,-0.1922,0.4524,-0.3653,-0.7495,-0.4991,-1.9769,-0.0393,0.3768
TCGA-WE-A8JZ-06,-1.5508,-0.2175,0.5261,-0.7373,-0.3278,-2.1671,-0.1706,0.4449,0.5109,-1.2199,-1.2515,1.6725,0.116,-1.8883,0.1808,-1.4605,-0.3352,0.0106,-0.2777,0.1697,-0.5777
TCGA-WE-A8K1-06,-1.4406,0.0123,-1.3241,-0.629,0.0891,-0.7915,-1.2278,-0.174,0.5035,-1.2199,-0.9684,-0.621,0.7325,-0.0016,-1.5811,0.2791,-0.5149,-1.6167,-0.2668,-0.0404,0.3087
TCGA-WE-A8K5-06,-0.484,0.707,-1.092,-0.9937,0.1897,-0.6185,0.0153,1.2457,0.628,-0.073,-1.0015,1.6627,0.9408,0.5209,-0.0515,1.8194,0.5774,-0.7425,-1.5287,0.9576,0.9707
TCGA-WE-A8K6-06,0.7196,-0.7056,0.1438,0.8369,-0.5686,-0.957,0.1687,-1.5652,0.7487,-0.7856,-1.5777,0.0636,0.4635,0.2557,0.9553,-0.0997,0.1199,-0.6483,0.7211,-1.5565,-0.668
TCGA-WE-A8ZM-06,1.1475,-0.362,-0.5593,-0.9728,-1.3826,0.0114,-0.2475,-0.3362,-0.9168,-1.2199,-1.2488,-0.2373,-0.878,0.1615,1.5224,0.4627,0.0335,-0.6721,0.489,-0.3107,-0.3173
TCGA-WE-A8ZN-06,-0.4911,1.3032,0.705,2.0353,0.8419,0.9944,-0.857,0.9397,0.5726,-1.2199,0.1034,-0.1584,0.1153,-0.2187,-0.7066,0.5077,1.1803,-1.6167,-2.9613,0.3404,0.9984
TCGA-WE-A8ZO-06,-0.1486,-0.7439,-0.2672,0.076,-0.2361,-0.8496,-0.64,-0.7798,-0.4967,-0.8102,-0.1109,-0.5395,0.0528,0.2356,-0.0664,-0.509,-1.1396,-0.7099,-0.1642,-1.0983,-0.4906
TCGA-WE-A8ZQ-06,0.8297,-0.6535,-0.0381,-1.2877,-0.2116,-0.3986,-0.8969,-0.0059,0.6785,-0.9683,-1.1283,0.6156,-1.2497,0.225,0.2802,-0.4122,0.6042,-0.6454,0.3438,-0.3899,0.258
TCGA-WE-A8ZT-06,0.2535,-2.4948,-0.7914,-0.7013,-0.7757,-2.5715,-1.1794,0.726,-1.207,-1.2199,-1.01,-1.5233,-0.2524,0.7375,0.5265,1.152,-0.4757,-0.1136,-0.1238,-0.8861,-2.4565
TCGA-WE-A8ZX-06,-0.2249,-0.6812,-0.9444,0.3149,-0.5491,0.3122,-0.0846,-0.8884,-0.4807,-0.3321,0.6595,-1.5233,-1.1268,-0.5966,0.8702,0.022,-0.1276,-0.4937,0.7054,-1.1584,0.787
TCGA-WE-A8ZY-06,-0.9436,-0.0037,0.0761,0.7565,-0.7168,-0.3505,0.4371,0.646,-0.3606,-0.6085,-1.1893,1.2258,0.9433,0.0744,-0.8869,0.4151,-1.2684,-0.8044,0.6971,-0.4342,0.51
TCGA-WE-AA9Y-06,0.6241,0.903,-0.5056,-0.7644,-0.1012,0.0254,0.2555,1.1529,-0.1402,-1.2199,-0.0231,0.7045,0.1616,-0.6751,0.1016,-0.3307,0.5731,0.3,0.5634,1.8217,0.6816
TCGA-WE-AAA0-06,-2.1001,-0.6654,0.0104,-0.6421,0.88,0.0298,-0.5389,-1.4628,0.082,-0.7281,1.0581,-1.1189,1.052,-0.8927,-0.8609,0.6919,-0.8035,-1.6167,0.1734,-1.2515,-0.9324
TCGA-WE-AAA3-06,-0.5595,0.4457,0.4931,-0.2635,0.158,-0.4873,-0.5301,0.8049,0.0842,-0.9587,-0.5764,-0.4229,0.2982,1.4431,-0.0458,1.2438,-0.83,-1.6167,0.3647,0.168,0.4339
TCGA-WE-AAA4-06,-0.2972,0.8045,2.0712,1.5213,2.2549,1.3555,0.7784,2.0069,0.8285,0.2751,0.6045,0.2129,1.5345,0.5213,-1.8742,0.2847,1.146,-1.6167,-1.3243,-0.0445,2.181
TCGA-YD-A89C-06,-0.3412,-0.9983,-3.3396,-2.0168,-1.9735,-3.5637,-0.0465,0.8075,-0.8477,-0.1235,-0.8937,-0.9874,-1.4079,1.2049,0.452,1.0705,0.0545,-1.6167,-1.2112,0.4686,-1.1474
TCGA-YD-A9TA-06,-1.3174,0.6118,-2.1983,-0.45,-0.7512,-0.1654,1.0799,0.5232,0.8626,1.0693,1.6077,0.7712,-0.1029,-1.5189,0.3708,-1.3326,0.3022,-0.843,-0.3821,0.976,-1.8653
TCGA-YD-A9TB-06,0.3578,0.12,-0.5927,-0.1315,0.0549,-0.9008,-0.9878,0.6837,-1.2143,-0.5617,-1.5777,-1.1863,-0.2632,0.3992,-0.5072,0.1344,0.9303,-1.6167,-0.1036,0.1817,0.4951
TCGA-YG-AA3O-06,0.2213,0.0105,0.3765,-0.3323,-0.1615,-0.1278,-1.5216,-0.4746,-1.2229,-1.2199,-1.2039,-1.1257,0.0321,-2.1217,-1.2064,1.4684,-1.2703,-0.8412,1.402,0.0305,0.2159
TCGA-YG-AA3P-06,-3.6669,-1.5807,-3.112,-2.5478,-1.1343,-3.1933,-1.178,-0.4477,-0.9796,-1.2199,-1.1904,-1.5233,-1.5979,-0.7585,-0.1423,1.8304,-1.324,-0.4792,-1.2917,-0.5229,-0.4749
TCGA-Z2-A8RT-06,0.2532,-0.3493,-0.0927,0.091,-0.8003,-0.4024,-1.0479,-0.5883,0.0353,-0.4765,0.1416,-0.0962,-0.8077,-0.4031,-0.0744,-1.2053,0.0537,0.4378,1.3233,-0.2651,0.1554
TCGA-Z2-AA3S-06,-0.5062,-1.991,-2.0028,-1.736,-1.5115,-1.7926,-1.3123,0.4234,-1.227,-1.2199,-1.2452,-1.5233,-0.5681,0.1224,-1.5626,1.8889,-0.8725,0.0418,0.5697,-2.102,0.0548
TCGA-Z2-AA3V-06,-0.7283,0.9644,2.0018,2.2864,3.2664,2.0572,-1.4389,-0.2256,1.6726,-1.2199,1.8748,-1.5233,1.7358,-0.1764,-1.3181,2.058,1.0996,-1.6167,-1.7855,-1.0483,1.6918
