SAMPLE_ID,TIMP1,TIMP2,TIMP3,TIMP4,SERPINE1,SERPINB2
TCGA-3N-A9WB-06,-0.574,1.2535,0.2051,-1.0467,-1.1691,0.0549
TCGA-3N-A9WC-06,0.3717,0.6646,0.2248,-0.6704,0.2496,-0.9057
TCGA-3N-A9WD-06,0.2179,-2.4008,-0.0037,0.8099,-0.0082,1.1015
TCGA-BF-AAP0-06,1.049,-0.2821,0.4018,-0.7755,0.2304,-1.2299
TCGA-D3-A1Q1-06,-0.9402,-0.5556,1.4624,0.8951,-0.7842,-1.025
TCGA-D3-A1Q3-06,-0.4046,1.6502,-1.487,-1.0183,-0.1619,-1.3029
TCGA-D3-A1Q4-06,0.2935,0.3136,1.5648,1.104,1.2718,-0.4817
TCGA-D3-A1Q5-06,1.7762,-1.8047,1.3495,-0.215,0.4519,-0.2919
TCGA-D3-A1Q6-06,1.7588,-2.5277,2.5226,1.2014,2.0737,1.9328
TCGA-D3-A1Q7-06,-0.1755,-0.3976,0.3692,0.8332,1.0282,-0.342
TCGA-D3-A1Q8-06,1.0437,-0.2982,0.9362,0.9736,1.0973,-0.8259
TCGA-D3-A1Q9-06,-0.0523,-0.0183,0.8617,0.9346,-0.1569,-0.4195
TCGA-D3-A1QA-06,-1.0793,1.0013,-2.538,-1.1859,-0.5819,-0.8338
TCGA-D3-A1QB-06,-1.0529,-0.1879,0.4465,-1.1266,-0.7327,-1.265
TCGA-D3-A2J6-06,-0.8877,0.4778,-0.6663,-1.1081,-0.7348,-1.1405
TCGA-D3-A2J7-06,0.6575,0.8721,0.5725,-0.3617,-0.6003,-0.8255
TCGA-D3-A2J8-06,0.3787,-0.9844,0.015,-0.0667,3.5386,2.2784
TCGA-D3-A2J9-06,0.8342,-1.3201,0.0387,-0.9523,1.0138,-0.8136
TCGA-D3-A2JA-06,1.3057,-0.687,2.5636,1.9564,1.7351,0.8084
TCGA-D3-A2JB-06,-0.4842,-0.4317,0.4821,-0.3988,-0.2925,-0.8928
TCGA-D3-A2JC-06,1.0618,0.6466,0.3554,2.3112,0.4596,1.161
TCGA-D3-A2JD-06,0.8421,1.5814,0.6711,0.6213,0.09,-0.7955
TCGA-D3-A2JE-06,-0.7192,-1.3528,-1.7039,-1.2674,-0.2371,-1.2532
TCGA-D3-A2JF-06,2.3699,0.6484,1.1333,-0.4523,-0.983,-0.7465
TCGA-D3-A2JG-06,-0.0557,-0.415,-0.4078,-0.9268,1.0884,0.5035
TCGA-D3-A2JH-06,-0.933,-1.295,0.4994,-0.5232,0.5655,-0.4656
TCGA-D3-A2JK-06,2.2083,1.2452,0.0404,-0.3132,0.1591,0.0599
TCGA-D3-A2JL-06,0.2258,0.024,0.5126,-1.0523,-1.163,-1.4068
TCGA-D3-A2JN-06,2.5366,-1.4035,0.4414,-1.4844,0.3703,-0.5283
TCGA-D3-A2JO-06,0.3005,-0.6694,-0.7236,-0.7331,0.2478,-0.018
TCGA-D3-A2JP-06,2.0668,-0.8403,-1.2958,0.7992,0.9393,-0.8611
TCGA-D3-A3BZ-06,1.1195,0.2999,0.8174,1.0101,2.2631,-0.3433
TCGA-D3-A3C1-06,2.225,0.1042,-0.4378,-0.4931,0.9947,0.9949
TCGA-D3-A3C3-06,0.5226,-1.9246,0.7338,-1.4844,1.3941,-0.7573
TCGA-D3-A3C6-06,-0.3147,-0.4059,0.1969,0.2661,0.3117,-1.1531
TCGA-D3-A3C7-06,3.1821,-0.6239,0.835,-0.3928,2.3712,2.365
TCGA-D3-A3C8-06,0.4614,-0.5976,-1.2043,-0.575,0.4736,1.3626
TCGA-D3-A3CB-06,0.6297,-1.1254,-0.7113,-1.0456,0.4562,-0.9906
TCGA-D3-A3CC-06,-1.1621,0.9548,-1.4328,1.42,-1.0961,0.4224
TCGA-D3-A3CE-06,-0.5099,-0.9532,-0.7231,0.2434,-0.1357,-0.516
TCGA-D3-A3CF-06,0.3009,1.6155,0.8992,0.8691,0.0492,-1.158
TCGA-D3-A3ML-06,-1.2555,0.3778,-2.2575,-1.1367,-1.5897,-1.2695
TCGA-D3-A3MO-06,2.0285,-0.653,1.6715,1.1982,1.1926,0.4311
TCGA-D3-A3MR-06,1.3804,-0.6289,0.1464,-0.5987,0.8179,-1.064
TCGA-D3-A3MU-06,0.4627,0.9965,1.4079,-0.5853,0.6088,-0.024
TCGA-D3-A3MV-06,-0.3263,-0.6139,0.8504,0.117,1.0248,0.7792
TCGA-D3-A51E-06,-1,-0.3688,0.5419,-0.1945,0.2223,-1.4068
TCGA-D3-A51F-06,1.7458,-0.9158,0.8982,0.861,1.0962,1.2491
TCGA-D3-A51G-06,1.6689,-1.8667,1.0116,1.9641,0.7744,1.1939
TCGA-D3-A51H-06,0.6661,-1.1686,0.086,-1.1193,0.4456,-1.1484
TCGA-D3-A51J-06,0.8145,-0.4907,-0.6352,-0.6032,-0.1417,-1.2374
TCGA-D3-A51K-06,-0.7221,-0.3367,-0.9254,-1.4844,-1.5484,-1.4068
TCGA-D3-A51N-06,1.8712,0.1831,-0.4629,-0.0838,1.1974,0.3592
TCGA-D3-A51R-06,-1.3528,-3.5412,-0.5024,-0.4828,-0.3032,-0.0466
TCGA-D3-A51T-06,0.3831,-0.3175,0.076,0.0067,1.2096,-0.9266
TCGA-D3-A5GL-06,-0.138,0.6607,0.3099,-0.6636,-0.4347,-0.9893
TCGA-D3-A5GN-06,0.2774,-0.8828,1.0403,0.1489,0.9349,0.0973
TCGA-D3-A5GO-06,0.9189,2.0081,-0.7574,0.2067,0.7347,0.1495
TCGA-D3-A5GR-06,1.0917,-0.1572,-0.3624,-0.9052,0.9533,0.7036
TCGA-D3-A5GS-06,0.4022,1.4504,0.5678,-0.3739,-0.6028,-1.4068
TCGA-D3-A5GU-06,-0.5112,-0.5745,0.76,0.581,-0.5035,-1.4068
TCGA-D3-A8GB-06,1.1567,0.0022,0.1235,1.9058,1.1777,0.256
TCGA-D3-A8GC-06,-0.1545,-1.2686,0.6867,-1.0753,0.1016,-0.932
TCGA-D3-A8GD-06,0.2369,-1.2736,0.4481,-1.4844,0.0306,-1.0685
TCGA-D3-A8GE-06,1.1669,0.6621,1.3643,2.1917,1.1441,-1.4068
TCGA-D3-A8GI-06,1.2384,0.7152,-0.1567,0.1422,1.4945,-1.4068
TCGA-D3-A8GJ-06,1.0888,-0.724,-0.5509,-1.4844,0.6896,0.7075
TCGA-D3-A8GK-06,-1.3362,-0.0198,1.1781,-1.4844,-0.4867,-0.9207
TCGA-D3-A8GL-06,-1.7391,-0.2618,1.4147,-0.7662,-1.152,-1.4068
TCGA-D3-A8GM-06,-0.3864,0.1403,-0.4074,-1.4844,-0.2536,-0.6754
TCGA-D3-A8GN-06,0.1558,0.5568,0.0639,-0.4908,1.0159,0.371
TCGA-D3-A8GO-06,2.5182,-1.0945,-1.0878,1.067,0.7361,-0.3896
TCGA-D3-A8GP-06,-0.3444,2.1139,0.6626,-1.1628,-0.2164,-1.4068
TCGA-D3-A8GQ-06,-0.3417,-0.3751,-2.5629,0.5202,0.4044,0.0585
TCGA-D3-A8GR-06,-0.0424,0.0636,0.1838,-0.9942,-1.4503,-1.4068
TCGA-D3-A8GS-06,0.641,-1.8033,-1.866,-1.0872,-0.0851,-1.4068
TCGA-D3-A8GV-06,0.1361,-0.6704,-1.1107,-0.0308,-0.3402,-0.724
TCGA-D9-A148-06,-1.243,0.6521,-0.2924,-0.8308,-1.0707,-0.5979
TCGA-D9-A149-06,-1.1512,0.4019,-0.5336,-1.3103,0.0193,0.5885
TCGA-D9-A1JW-06,-0.684,2.4995,0.2368,-1.4844,-0.9057,0.049
TCGA-D9-A1JX-06,-0.7731,-0.5565,0.2886,-0.7452,-0.2364,-0.6696
TCGA-D9-A1X3-06,-1.0129,0.9116,0.4319,-0.1144,-1.076,-0.683
TCGA-D9-A3Z1-06,-1.6221,0.8959,-1.4379,-0.6341,-0.8214,-1.4068
TCGA-D9-A3Z3-06,0.1676,0.9832,-0.5823,1.6618,0.0759,-1.2459
TCGA-D9-A4Z6-06,-0.5096,-1.0531,-0.1975,0.8795,0.368,-0.5652
TCGA-D9-A6E9-06,-0.069,1.432,1.0358,-0.1064,0.2805,-1.0687
TCGA-D9-A6EA-06,-0.1061,0.162,1.1364,-1.0757,-1.9046,-0.6877
TCGA-D9-A6EC-06,0.1378,0.1697,0.5827,0.2416,-0.6512,-1.2609
TCGA-D9-A6EG-06,-2.2046,0.2093,-1.9877,-0.9084,-1.166,-0.9992
TCGA-DA-A1HV-06,0.4737,1.4962,1.1986,-0.3414,-0.6315,0.6041
TCGA-DA-A1HW-06,-0.4576,-0.8168,0.9028,-0.2156,-0.6168,0.2261
TCGA-DA-A1HY-06,2.2551,0.7848,2.9464,0.7703,1.0886,1.4962
TCGA-DA-A1I0-06,2.0163,0.5144,0.2837,-1.2459,1.5429,-0.1571
TCGA-DA-A1I1-06,0.4277,1.2201,1.5252,-0.6441,0.7397,0.0491
TCGA-DA-A1I2-06,-0.434,-1.0301,-0.076,-0.4108,-0.9524,0.2056
TCGA-DA-A1I4-06,1.2244,0.2402,0.5326,0.6834,0.453,-0.2801
TCGA-DA-A1I5-06,1.2057,-0.2102,1.0511,2.0475,0.0986,0.2891
TCGA-DA-A1I7-06,2.2171,0.1037,0.6732,0.8185,0.1381,0.4508
TCGA-DA-A1I8-06,1.718,0.6081,1.4363,2.7817,2.3665,2.5067
TCGA-DA-A1IA-06,0.0003,1.7069,0.1848,0.43,-1.2392,-1.0764
TCGA-DA-A1IB-06,0.9629,-1.306,0.1142,-0.3437,0.5552,1.1962
TCGA-DA-A1IC-06,-0.7366,0.58,0.6995,-0.1832,-0.6243,0.2701
TCGA-DA-A3F3-06,-1.3655,1.1043,0.1188,0.1919,-1.5367,-1.4068
TCGA-DA-A3F5-06,1.5946,-0.8028,1.6995,0.1647,2.0065,1.2378
TCGA-DA-A3F8-06,0.2461,-0.4158,0.5184,-0.9857,0.2973,-1.4068
TCGA-DA-A95V-06,-0.18,1.93,-0.9632,-0.8602,-0.9447,-0.8339
TCGA-DA-A95W-06,-0.777,-1.4686,-0.9187,0.2185,-1.9865,-0.0073
TCGA-DA-A95X-06,-0.4047,0.5856,0.6659,-0.768,0.1572,-1.4068
TCGA-DA-A95Y-06,0.068,1.6799,1.2324,-1.1852,-0.9772,-1.1951
TCGA-DA-A95Z-06,-0.8027,0.5484,0.4873,-0.4801,-0.4155,-1.4068
TCGA-EB-A44Q-06,-2.0369,0.1013,-1.4516,-1.4844,-0.8854,-1.4068
TCGA-EB-A44R-06,-1.0369,0.2206,-0.6624,0.1955,-1.392,-1.4068
TCGA-EB-A5KH-06,-0.3108,1.6317,-1.1261,-0.8928,0.2084,-1.1566
TCGA-EB-A5SG-06,1.0548,-1.3947,0.7375,-0.7833,0.8811,-0.5983
TCGA-EB-A5SH-06,-1.5484,1.4607,-0.8025,-0.1404,-1.912,-1.4068
TCGA-EB-A5UL-06,-0.3088,-0.5455,-0.5886,-0.3832,-0.3732,-0.4728
TCGA-EB-A5UN-06,1.1234,0.844,0.1805,-0.233,0.4736,0.1622
TCGA-EB-A6L9-06,0.1017,-0.1538,-0.5252,0.1026,-0.7706,-1.4068
TCGA-EE-A17X-06,-0.4463,1.4215,-1.0705,-1.081,-0.1517,-0.8021
TCGA-EE-A17Y-06,0.8828,-0.8488,1.1279,1.6324,0.7732,2.0835
TCGA-EE-A17Z-06,-1.2396,-0.9253,-1.139,-0.0911,-1.3259,0.6859
TCGA-EE-A180-06,-0.5886,-0.6024,-0.9651,-0.1059,-1.5862,-1.2683
TCGA-EE-A181-06,-0.5802,0.6394,-1.2507,-0.8538,-0.9971,-1.255
TCGA-EE-A182-06,0.7514,1.6783,-1.098,-0.0903,-0.2046,-0.5941
TCGA-EE-A183-06,-0.0666,0.2467,0.7419,0.0703,0.7754,-1.024
TCGA-EE-A184-06,-1.228,1.9764,-0.2152,-1.2496,-0.6356,-1.2406
TCGA-EE-A185-06,-1.2175,1.1382,-0.2168,-1.4844,-0.517,0.526
TCGA-EE-A20B-06,-0.0832,-0.6411,1.1128,1.3919,1.2576,0.3882
TCGA-EE-A20C-06,1.4396,1.1157,2.0084,-0.9744,-0.3602,-1.1409
TCGA-EE-A20F-06,0.596,0.7106,0.5585,0.4896,0.0438,0.9639
TCGA-EE-A20H-06,0.235,-2.132,-0.7728,-0.3981,-0.796,0.253
TCGA-EE-A20I-06,-1.436,0.3967,0.1037,1.9918,-0.6369,-1.177
TCGA-EE-A29A-06,0.468,1.0684,1.3487,0.8765,1.339,-0.8872
TCGA-EE-A29B-06,-1.0502,-0.2265,0.1542,-1.4844,-2.9874,-1.0803
TCGA-EE-A29C-06,-0.2211,0.7786,-0.3418,1.3515,-0.4387,-0.8952
TCGA-EE-A29D-06,-0.8503,0.9605,0.6252,-0.6433,-1.4229,-1.2962
TCGA-EE-A29E-06,-0.073,0.3764,-0.2476,1.3606,-1.1016,-0.7415
TCGA-EE-A29G-06,-0.2826,-0.5989,0.0641,2.089,-1.3805,1.4754
TCGA-EE-A29H-06,0.3255,0.8278,0.4694,-1.4844,-0.9962,0.2901
TCGA-EE-A29L-06,-2.131,0.5783,-3.4127,-1.2909,-0.6293,0.1155
TCGA-EE-A29M-06,-1.1263,-0.2635,0.1266,-1.1009,-1.2342,-0.6738
TCGA-EE-A29N-06,0.3586,1.5306,1.456,-0.203,0.7666,-0.4517
TCGA-EE-A29P-06,-0.045,-0.7296,0.1985,-0.5878,0.0747,-0.4939
TCGA-EE-A29Q-06,-0.4162,-0.8395,0.8079,-0.4883,-0.7116,-0.4799
TCGA-EE-A29R-06,0.9131,-0.1833,1.3678,0.444,0.5967,1.3784
TCGA-EE-A29S-06,0.4594,-0.3141,0.9482,0.3814,-0.349,-0.9924
TCGA-EE-A29T-06,1.2384,-1.1845,-0.776,-0.8681,0.724,-0.5097
TCGA-EE-A29V-06,-0.3997,1.7817,-0.9093,0.141,-0.5205,0.0491
TCGA-EE-A29W-06,-0.2819,-0.2839,0.2684,1.6867,1.0647,1.8453
TCGA-EE-A29X-06,0.9517,-0.1956,0.0509,0.5353,0.88,0.2358
TCGA-EE-A2A0-06,-0.6047,0.5708,0.441,0.2099,-0.2922,0.4677
TCGA-EE-A2A1-06,-0.9321,0.2553,0.3835,1.0211,-0.982,-0.9608
TCGA-EE-A2A2-06,-1.0301,-0.2453,1.6012,-1.3026,0.0972,1.2002
TCGA-EE-A2A5-06,-0.7192,-0.5517,0.2576,0.5857,-0.3692,-0.1618
TCGA-EE-A2A6-06,-0.1742,0.696,-0.8071,-0.9725,-0.0608,0.4056
TCGA-EE-A2GB-06,-1.7597,0.7726,0.0881,1.6683,-0.8867,-0.6191
TCGA-EE-A2GC-06,-0.667,0.7889,0.7822,-1.0114,1.0819,-0.3081
TCGA-EE-A2GD-06,0.7877,0.9091,0.6774,0.4983,0.3975,0.5938
TCGA-EE-A2GE-06,1.4061,-0.292,0.6922,0.6239,1.353,2.1014
TCGA-EE-A2GH-06,1.3273,-0.2609,0.7849,1.0846,0.1278,0.2026
TCGA-EE-A2GI-06,0.2147,-0.6662,-0.9399,-0.9953,-0.1322,-1.4068
TCGA-EE-A2GJ-06,-1.4441,0.9554,0.473,-1.1006,-1.1502,0.5913
TCGA-EE-A2GK-06,-0.6387,-2.383,-0.8992,-0.7505,0.5613,-0.6321
TCGA-EE-A2GL-06,-0.3915,-0.9235,-0.7118,-0.7469,0.3032,-0.7414
TCGA-EE-A2GM-06,-0.0846,-0.218,0.425,-0.6108,-1.2058,-1.1725
TCGA-EE-A2GN-06,-0.3003,0.2197,0.7232,1.7569,-0.2416,-0.1906
TCGA-EE-A2GO-06,1.6541,0.8865,0.8477,0.0342,1.9472,1.4451
TCGA-EE-A2GP-06,0.1315,-0.4059,-0.0963,0.4599,0.7836,0.4696
TCGA-EE-A2GR-06,-1.1965,1.2519,-0.1417,0.2008,-0.2969,-1.2242
TCGA-EE-A2GS-06,-0.2623,-1.7489,-0.1003,2.3782,-0.6303,-0.3508
TCGA-EE-A2GT-06,-0.4263,0.1131,-1.3713,-1.4844,0.1581,-0.5272
TCGA-EE-A2GU-06,-1.7877,-0.9613,1.2815,-1.1799,-2.282,-1.0392
TCGA-EE-A2M5-06,1.2833,-2.4373,-2.4368,-0.6497,3.2673,2.7262
TCGA-EE-A2M6-06,-0.7448,-1.1497,-1.0239,-0.914,0.5878,0.3637
TCGA-EE-A2M7-06,-0.0633,-0.176,2.1975,-0.9425,-1.2059,-0.4351
TCGA-EE-A2M8-06,0.393,-0.6227,0.4818,0.1913,-0.3151,-1.4068
TCGA-EE-A2MC-06,0.7406,-1.4035,-0.413,-0.421,4.3526,-0.3302
TCGA-EE-A2MD-06,-1.1774,0.3212,-0.3872,-0.5828,-0.302,-1.4068
TCGA-EE-A2ME-06,-0.3896,-1.2795,-0.2918,-0.7763,0.7621,-1.026
TCGA-EE-A2MF-06,-0.7221,0.5101,0.4407,-0.9242,-1.0904,0.0886
TCGA-EE-A2MG-06,0.3987,-0.3299,0.3322,0.1149,0.3715,-0.7754
TCGA-EE-A2MH-06,0.563,0.0415,-1.0806,-0.7988,-0.0693,0.3387
TCGA-EE-A2MI-06,0.9823,0.1796,2.1693,0.011,0.4121,-0.3283
TCGA-EE-A2MJ-06,-0.1058,-0.7625,-1.0344,0.8792,-0.0494,-0.986
TCGA-EE-A2MK-06,0.6564,0.0859,0.5729,-0.7815,-0.0643,-0.6116
TCGA-EE-A2ML-06,-0.2233,0.3672,-0.0709,-0.8738,-0.4008,0.4086
TCGA-EE-A2MM-06,-1.1084,1.1007,1.8624,-0.2265,-0.1359,-1.1617
TCGA-EE-A2MN-06,-0.7546,1.5145,-1.1425,-1.4844,0.1084,-1.2519
TCGA-EE-A2MP-06,0.5599,-0.1271,-0.3084,-0.7939,-0.4868,-0.8582
TCGA-EE-A2MQ-06,0.7074,-0.6923,1.9596,-0.5073,0.1082,-0.7656
TCGA-EE-A2MR-06,0.1986,0.2602,1.857,0.0358,1.3267,-0.4845
TCGA-EE-A2MS-06,-1.7401,1.4979,0.7907,-0.6302,-0.1541,2.2391
TCGA-EE-A2MT-06,-0.1295,0.899,1.4905,-1.4844,-0.231,-0.4412
TCGA-EE-A2MU-06,-0.0875,0.3194,0.2265,0.0996,-1.3239,-0.6294
TCGA-EE-A3AA-06,0.2879,-0.8788,-1.7098,-0.4879,0.0281,-0.0102
TCGA-EE-A3AB-06,1.7112,-0.945,1.2459,0.0167,1.1061,1.218
TCGA-EE-A3AC-06,-0.8721,1.6112,0.0855,-0.6725,-0.6114,-0.1805
TCGA-EE-A3AD-06,-0.1466,0.8411,0.0054,0.572,-0.7625,0.5059
TCGA-EE-A3AE-06,-0.666,0.9124,-0.6501,-0.8301,-1.7664,-1.1711
TCGA-EE-A3AF-06,-0.0006,0.0782,-0.3206,-0.9166,0.0351,-0.4057
TCGA-EE-A3AG-06,0.1861,-2.4554,0.5656,0.6716,0.9095,1.8752
TCGA-EE-A3AH-06,-0.5511,-0.2715,-0.0234,-0.5679,-0.047,0.1105
TCGA-EE-A3J3-06,0.356,0.2921,0.5665,0.4399,0.0471,-1.2613
TCGA-EE-A3J4-06,-0.5199,0.5647,-1.5391,-0.9617,-0.5156,-0.6707
TCGA-EE-A3J5-06,-0.2394,1.7098,0.5954,-0.0319,-0.726,-1.4068
TCGA-EE-A3J7-06,-1.8273,-1.0989,-1.4042,1.6895,-1.782,-0.293
TCGA-EE-A3J8-06,-0.8943,-2.1559,0.2803,0.5501,0.2481,-0.2675
TCGA-EE-A3JA-06,-1.3471,1.214,0.8217,-0.9939,-1.1912,-1.4068
TCGA-EE-A3JB-06,0.4616,-1.1291,2.3399,1.463,2.0491,0.8407
TCGA-EE-A3JD-06,0.5559,-1.9193,0.8987,-0.3363,0.5003,0.2893
TCGA-EE-A3JE-06,0.3137,-0.165,0.2186,1.3281,0.9582,-0.5168
TCGA-EE-A3JH-06,0.5922,-0.8664,-0.5776,0.3042,0.2622,-0.8408
TCGA-EE-A3JI-06,-1.4021,-0.1641,-2.455,-0.6735,0.082,-1.4068
TCGA-ER-A193-06,-0.0542,-0.6876,-0.0787,1.8055,0.8652,-1.2659
TCGA-ER-A195-06,-0.2959,-0.0047,0.4314,0.7834,0.4484,-0.3001
TCGA-ER-A197-06,0.6862,-0.1551,-0.1739,-0.0208,1.2865,1.1463
TCGA-ER-A198-06,-0.9349,0.2595,-0.7981,-0.753,-1.2198,-0.2319
TCGA-ER-A199-06,0.6184,-1.0146,1.3642,-1.4844,1.0463,-0.9398
TCGA-ER-A19A-06,0.1371,0.5016,0.3659,1.6741,0.8593,0.6434
TCGA-ER-A19B-06,0.1085,-0.625,-1.1051,3.7555,-0.4991,1.7477
TCGA-ER-A19C-06,0.4335,0.4596,0.1082,-1.0847,-0.0712,0.2224
TCGA-ER-A19D-06,0.0002,-1.3379,-0.2198,1.532,-0.0044,1.9603
TCGA-ER-A19E-06,-0.1083,-1.3893,0.5138,0.3369,0.5633,0.568
TCGA-ER-A19F-06,-0.635,0.8816,0.9918,0.1282,-1.0256,-1.2334
TCGA-ER-A19G-06,-0.1335,-0.6944,-0.1345,-1.08,0.8066,2.4361
TCGA-ER-A19H-06,-1.474,-0.3327,-0.3639,1.0618,-1.2713,-0.9077
TCGA-ER-A19J-06,-0.1582,-0.0804,-0.0024,-0.3039,1.1291,0.6093
TCGA-ER-A19L-06,0.4685,-1.3003,0.396,1.1776,-0.6969,1.4482
TCGA-ER-A19M-06,-0.4144,-0.9006,0.4851,-0.929,0.5043,-0.4825
TCGA-ER-A19N-06,0.3062,1.4821,1.1614,-0.0437,0.3961,0.6309
TCGA-ER-A19O-06,1.8845,0.3257,0.4758,-1.4844,1.5961,0.2812
TCGA-ER-A19P-06,0.3055,-1.3614,0.1322,-0.4263,-0.964,-1.4068
TCGA-ER-A19Q-06,-0.2459,0.9247,0.5396,0.2239,0.7939,-1.4068
TCGA-ER-A19S-06,0.3645,-0.5549,0.4169,-0.4578,0.5896,0.8258
TCGA-ER-A19T-06,-0.1585,-0.1254,-0.9263,-0.2383,1.1394,-0.2133
TCGA-ER-A19W-06,-0.6314,-0.1294,-0.7405,0.2811,-0.1689,-0.9857
TCGA-ER-A1A1-06,-0.3569,-0.5622,-1.092,-0.5776,0.3171,-0.1061
TCGA-ER-A2NC-06,0.6348,0.1762,1.2737,2.9985,0.0536,0.206
TCGA-ER-A2ND-06,1.3037,-0.2214,-0.3686,-1.0245,0.3265,-0.222
TCGA-ER-A2NE-06,-0.6901,0.6891,1.2143,-1.138,0.5541,0.649
TCGA-ER-A2NF-06,-2.9338,-0.2753,0.4689,-0.8052,-2.4682,-1.4068
TCGA-ER-A2NG-06,0.3015,-0.34,0.8501,-0.9134,0.9162,0.654
TCGA-ER-A2NH-06,1.3611,-1.2585,0.2923,0.5091,0.9153,1.6952
TCGA-ER-A3ES-06,-2.3407,-0.965,-0.7073,0.0711,-1.4435,-1.4068
TCGA-ER-A3ET-06,0.5889,1.2353,0.1936,-0.807,0.6435,1.7308
TCGA-ER-A3EV-06,-0.2288,1.651,0.2404,-0.6073,0.0235,-0.3305
TCGA-ER-A3PL-06,-0.2493,-0.3832,1.3873,0.3694,0.7947,-1.0801
TCGA-ER-A42K-06,1.8715,-0.2481,0.2939,-0.9052,-0.5699,0.0101
TCGA-ER-A42L-06,0.3488,-1.0179,0.2961,1.5489,0.0687,-1.2587
TCGA-FR-A3YN-06,0.5567,1.6402,0.3433,-0.4234,-0.5995,-1.1669
TCGA-FR-A3YO-06,1.4586,2.3037,0.9732,0.4135,1.4876,0.7902
TCGA-FR-A44A-06,0.2815,0.832,0.3971,-1.4844,0.515,-1.4068
TCGA-FR-A69P-06,-0.9066,-0.7454,0.6186,0.2738,1.0818,0.1025
TCGA-FR-A729-06,0.4786,-1.8291,-0.4479,-0.7629,-0.1444,1.3217
TCGA-FR-A7U8-06,-0.0552,-0.8547,0.9626,0.974,-0.1419,1.3134
TCGA-FR-A7U9-06,1.2572,0.4274,-0.6869,1.515,1.9123,-0.6929
TCGA-FR-A7UA-06,1.4217,-1.3583,0.9615,-0.5268,1.3332,-1.0285
TCGA-FR-A8YC-06,-0.2608,-0.2953,-1.6639,0.4192,0.4015,1.4544
TCGA-FR-A8YD-06,-0.2081,0.8601,-0.2585,0.0609,-0.4407,-1.164
TCGA-FR-A8YE-06,0.3237,0.313,0.8905,-0.7751,1.1035,2.1329
TCGA-FS-A1YW-06,-1.3224,-0.6298,-0.2463,-0.977,-1.0322,-0.8368
TCGA-FS-A1YX-06,1.1347,0.2612,-0.2192,0.1376,0.4748,1.6373
TCGA-FS-A1YY-06,-0.2515,0.1612,0.3259,-0.0039,-0.038,-1.4068
TCGA-FS-A1Z0-06,-1.1082,-1.0144,0.0182,0.0704,-1.3155,0.191
TCGA-FS-A1Z3-06,-1.4222,-1.6002,0.1254,-0.7545,-1.3991,-1.1737
TCGA-FS-A1Z4-06,0.2,-1.2719,-1.2262,-1.1489,0.4607,0.032
TCGA-FS-A1Z7-06,0.1288,0.7896,0.465,0.5381,0.725,1.9138
TCGA-FS-A1ZA-06,0.92,-0.345,-0.0113,-0.4065,0.3474,0.2705
TCGA-FS-A1ZB-06,0.3452,0.4701,-0.0553,0.8749,0.9371,1.2314
TCGA-FS-A1ZC-06,-0.4094,-2.084,0.6083,0.432,0.4757,-0.9259
TCGA-FS-A1ZD-06,-0.6743,-0.346,0.8453,3.6167,0.3216,-0.354
TCGA-FS-A1ZE-06,-0.8591,1.1223,-0.0756,0.3139,-1.043,-0.3864
TCGA-FS-A1ZF-06,-0.2584,-0.346,0.2157,0.0503,-0.6125,-0.8495
TCGA-FS-A1ZG-06,-2.4937,1.041,-1.2542,-0.2414,-1.8125,-0.2459
TCGA-FS-A1ZH-06,1.9765,-1.1725,0.8187,0.7766,1.2449,0.4888
TCGA-FS-A1ZJ-06,-1.0903,-0.74,-1.4608,-1.277,-0.6793,-1.0517
TCGA-FS-A1ZK-06,-1.3883,0.5267,-0.1754,-0.6606,-0.6839,-1.4068
TCGA-FS-A1ZM-06,0.7904,0.3498,1.1262,1.9002,0.8763,0.7737
TCGA-FS-A1ZP-06,-1.1168,0.3562,0.8417,0.9495,-0.751,-0.8489
TCGA-FS-A1ZQ-06,0.2095,0.8603,-0.1293,-1.0955,-0.3155,-0.8188
TCGA-FS-A1ZR-06,-0.1632,-0.7156,0.0787,-0.4891,-0.2076,-0.3119
TCGA-FS-A1ZS-06,1.643,1.2301,2.2751,0.3867,3.5009,1.851
TCGA-FS-A1ZT-06,-1.2413,-0.9389,0.1895,-0.0252,0.0639,0.5652
TCGA-FS-A1ZU-06,-1.3599,-1.2587,0.5075,0.0422,-0.6153,-0.9029
TCGA-FS-A1ZW-06,-0.6229,-1.1565,0.2894,-0.63,0.1061,-1.4068
TCGA-FS-A1ZY-06,-0.8193,-0.3733,0.5583,0.4241,-1.5277,-0.8587
TCGA-FS-A1ZZ-06,-1.0429,0.6523,0.118,-0.9502,-0.4497,0.3796
TCGA-FS-A4F0-06,-0.3997,-0.3823,-2.5469,-0.198,-1.9063,-1.4068
TCGA-FS-A4F4-06,0.6027,1.5381,0.3981,1.3651,0.3026,-1.4068
TCGA-FS-A4F5-06,-0.2134,1.1907,0.6839,-1.0974,0.1799,-0.2626
TCGA-FS-A4F8-06,0.2929,-0.4092,0.1016,0.2143,1.4085,0.0549
TCGA-FS-A4F9-06,-1.2679,-0.9868,-1.3804,-0.072,-0.1059,-0.4379
TCGA-FS-A4FB-06,-0.1964,-0.7621,-0.873,1.8912,-0.9995,-0.5578
TCGA-FS-A4FC-06,0.2753,1.8236,-1.3125,0.1303,-0.4269,0.595
TCGA-FS-A4FD-06,-1.6179,-1.0125,-0.29,0.1227,-0.7527,-1.227
TCGA-FW-A3I3-06,-1.1287,-0.8524,-0.229,-0.6398,0.6531,2.29
TCGA-FW-A3R5-06,-0.4758,0.4211,-0.5932,-0.2401,1.3753,-0.8899
TCGA-FW-A3TU-06,0.646,0.6743,-1.489,-0.5393,-0.7594,-1.4068
TCGA-FW-A3TV-06,0.0657,1.5359,-0.8718,1.691,0.1339,-0.6481
TCGA-FW-A5DY-06,0.0636,-0.5021,-1.9398,-1.4844,-0.2777,-1.2086
TCGA-GF-A3OT-06,0.2301,0.3341,0.3021,-1.1081,4.374,3.6399
TCGA-GF-A4EO-06,0.2533,-0.8133,-0.3361,-0.938,1.0276,0.4181
TCGA-GF-A6C8-06,0.5066,-1.4291,-1.1505,0.4299,-0.4984,0.6344
TCGA-GF-A6C9-06,0.9573,-0.1135,1.0646,2.3904,1.8638,-0.6058
TCGA-GN-A262-06,0.0399,-1.7473,-1.8553,-0.8045,-1.8572,-1.0109
TCGA-GN-A264-06,-1.4842,0.6021,1.0684,-0.2859,0.0129,-1.2736
TCGA-GN-A265-06,1.623,-0.2782,1.1787,0.5504,1.8355,1.0515
TCGA-GN-A266-06,0.9864,-0.3552,1.0394,3.3515,1.6701,0.0484
TCGA-GN-A267-06,-0.0455,-0.2912,-0.5196,-0.246,-0.9508,-1.1544
TCGA-GN-A268-06,-1.1545,1.0622,-1.9897,-0.8816,-0.626,-1.0587
TCGA-GN-A26A-06,1.9472,-1.0086,1.8296,2.7072,1.637,1.5383
TCGA-GN-A26D-06,-0.0608,0.8431,1.1312,0.4221,-0.0958,-0.8714
TCGA-GN-A4U3-06,-0.2176,-0.7743,0.4351,1.1247,2.1527,-0.7048
TCGA-GN-A4U4-06,-1.8153,-0.2611,0.4171,-1.2613,-1.1355,-1.1278
TCGA-GN-A4U7-06,0.168,-0.465,0.8401,0.1883,-0.3669,-0.2514
TCGA-GN-A4U8-06,0.2217,-0.4182,-0.2251,-1.2348,-0.5655,-0.7069
TCGA-GN-A4U9-06,-1.1145,-3.2625,-2.3127,-1.4844,-0.5299,2.3411
TCGA-GN-A8LK-06,-1.0798,0.2881,-1.9778,-0.6898,-0.8754,-1.0535
TCGA-GN-A8LL-06,-0.7643,1.2039,0.9807,0.8477,-1.2117,-1.4068
TCGA-GN-A9SD-06,0.7943,-0.1543,0.2839,2.6012,0.9969,-0.1627
TCGA-HR-A2OG-06,1.1816,-0.0174,1.548,1.201,2.3263,1.5883
TCGA-HR-A2OH-06,0.3444,-1.2352,0.2474,2.0857,0.5849,-0.7178
TCGA-LH-A9QB-06,1.6859,-0.2265,-1.2052,0.1599,1.1437,-1.2262
TCGA-OD-A75X-06,-1.0003,-0.8872,0.1853,-1.1261,0.4394,1.2391
TCGA-QB-A6FS-06,0.4125,1.0584,1.0429,-0.9185,-0.0694,-1.4068
TCGA-QB-AA9O-06,0.5718,-0.5527,-0.4362,-0.7806,-0.4842,-1.4068
TCGA-RP-A690-06,-1.1616,0.8986,1.314,0.0886,0.1957,-1.4068
TCGA-RP-A693-06,-0.1305,0.4889,-1.1389,0.7013,0.0486,-0.1265
TCGA-RP-A694-06,-0.7553,0.5701,-0.2966,1.3235,0.4797,-0.6438
TCGA-RP-A695-06,-0.0638,1.1055,0.6491,0.1507,-1.4749,-0.7414
TCGA-RP-A6K9-06,-1.0055,0.0594,-0.5926,1.19,-0.3396,-1.4068
TCGA-W3-A824-06,-0.0488,1.1094,-1.4121,-1.4844,-0.5484,-1.4068
TCGA-W3-A825-06,0.5563,-1.1948,-0.1875,1.2692,0.9995,0.9696
TCGA-W3-A828-06,0.3352,0.6019,0.1375,1.4552,0.6683,-0.5284
TCGA-W3-AA1O-06,-0.6868,1.2863,0.5565,-0.423,-0.4157,-1.0268
TCGA-W3-AA1Q-06,0.4424,-0.3269,-2.2606,-1.1648,-0.4055,-1.4068
TCGA-W3-AA1R-06,-0.7721,0.3496,1.6187,-1.2592,0.0306,0.5781
TCGA-W3-AA1V-06,0.2673,1.1697,0.4942,-0.4594,2.7414,-1.4068
TCGA-W3-AA1W-06,0.0847,-0.4756,-2.699,-1.0341,0.3217,-0.3105
TCGA-W3-AA21-06,1.0865,1.2662,-0.7917,-1.4844,-0.9658,-1.4068
TCGA-WE-A8JZ-06,-0.9195,0.9081,1.9115,0.0282,0.0616,-0.7474
TCGA-WE-A8K1-06,-1.1356,-0.4288,-1.1052,-0.749,-1.0028,-1.4068
TCGA-WE-A8K5-06,-0.5591,-0.4157,0.5737,0.5168,-0.5077,-0.7196
TCGA-WE-A8K6-06,2.9633,1.0589,0.2013,0.6006,0.2042,0.6078
TCGA-WE-A8ZM-06,0.5186,-0.1415,0.4007,1.6559,0.0025,-1.4068
TCGA-WE-A8ZN-06,1.0367,0.0001,-0.674,0.996,-0.444,-1.4068
TCGA-WE-A8ZO-06,-0.2962,1.3059,0.2457,-1.2327,-0.4107,-0.5187
TCGA-WE-A8ZQ-06,-0.2611,-1.0072,0.076,0.2666,0.6352,-0.8756
TCGA-WE-A8ZT-06,-0.6074,-0.2714,-2.1568,0.1048,-1.9825,-1.2386
TCGA-WE-A8ZX-06,0.6082,-1.8029,0.4438,-0.5329,0.6838,-1.1862
TCGA-WE-A8ZY-06,-0.7991,-0.6849,0.528,-1.0864,-0.9374,-0.7011
TCGA-WE-AA9Y-06,0.3018,-0.3472,-0.3234,-0.0678,-0.0903,-0.9108
TCGA-WE-AAA0-06,0.0631,1.8857,1.4859,0.1377,-0.5291,-1.1313
TCGA-WE-AAA3-06,-0.6752,0.9346,0.2641,1.4884,-0.3962,-0.8605
TCGA-WE-AAA4-06,1.6184,1.2525,0.4725,-0.7619,0.1067,0.871
TCGA-YD-A89C-06,-1.2972,-1.8254,-0.6962,-1.2182,0.0661,0.488
TCGA-YD-A9TA-06,0.1173,-1.0807,-0.6917,0.8085,0.6581,0.3896
TCGA-YD-A9TB-06,-0.0583,-0.1556,0.3402,0.4544,0.4732,-0.8101
TCGA-YG-AA3O-06,-1.2219,-1.0115,0.1595,-0.8522,-1.1212,0.0167
TCGA-YG-AA3P-06,-2.7028,-1.3302,-2.6817,-0.9482,-1.0074,-0.8097
TCGA-Z2-A8RT-06,-0.0836,0.0767,-0.4568,-0.5961,-1.2771,-0.4335
TCGA-Z2-AA3S-06,-2.1938,-0.7834,-1.4502,-0.1728,-1.7944,-1.4068
TCGA-Z2-AA3V-06,0.755,1.2966,-1.5541,0.0705,-0.3564,-0.8388
